Time,con,inv,gov,ex,im,gdp,m2,exch,cpi,rat
1961/Q1,8957.5 ,-659.9 ,3036.1 ,43.6 ,292.3 ,7000.7 ,24.0 ,,,
1961/Q2,6593.8 ,1736.8 ,3079.9 ,56.3 ,392.2 ,8141.3 ,27.1 ,,,
1961/Q3,6308.6 ,833.2 ,2980.0 ,70.8 ,283.1 ,6970.2 ,35.3 ,,,
1961/Q4,8740.5 ,950.7 ,2922.3 ,66.8 ,332.0 ,8974.2 ,39.7 ,,,
1962/Q1,9670.8 ,-727.9 ,3058.9 ,53.9 ,338.6 ,7444.8 ,42.0 ,,,
1962/Q2,7299.9 ,1162.9 ,3207.0 ,68.2 ,383.8 ,8009.8 ,47.5 ,,,
1962/Q3,6978.5 ,1226.5 ,3234.7 ,64.0 ,485.9 ,7469.7 ,53.5 ,,,
1962/Q4,9633.1 ,1082.9 ,3004.9 ,88.6 ,548.2 ,9373.0 ,49.7 ,,,
1963/Q1,9415.6 ,273.7 ,3268.9 ,67.7 ,454.5 ,8197.4 ,50.0 ,,,
1963/Q2,7677.0 ,1569.1 ,3334.1 ,74.4 ,561.1 ,8704.1 ,52.0 ,,,
1963/Q3,7390.6 ,1421.4 ,3399.1 ,93.5 ,613.0 ,8192.7 ,57.4 ,,,
1963/Q4,10554.8 ,1046.6 ,3207.2 ,79.2 ,567.1 ,10116.6 ,53.5 ,,,
1964/Q1,10552.4 ,-260.8 ,3352.6 ,73.8 ,387.5 ,8584.9 ,55.3 ,,,
1964/Q2,8281.3 ,1259.7 ,3269.4 ,106.1 ,387.3 ,9201.5 ,57.7 ,255.8 ,,
1964/Q3,8060.2 ,1173.9 ,3342.2 ,104.8 ,405.9 ,8861.3 ,62.0 ,255.8 ,,
1964/Q4,11138.1 ,1576.3 ,3256.0 ,121.2 ,469.3 ,11898.8 ,61.7 ,255.8 ,,
1965/Q1,11065.8 ,-150.3 ,3351.4 ,88.9 ,367.8 ,9293.1 ,64.7 ,263.2 ,2.5 ,
1965/Q2,8888.9 ,1711.3 ,3594.6 ,129.3 ,439.4 ,10471.8 ,72.1 ,271.4 ,2.6 ,
1965/Q3,8768.6 ,1156.4 ,3698.9 ,150.4 ,471.1 ,9513.2 ,79.8 ,272.0 ,2.7 ,
1965/Q4,11925.0 ,1257.2 ,3439.8 ,185.7 ,593.8 ,12089.4 ,93.7 ,271.8 ,2.6 ,
1966/Q1,11564.0 ,57.2 ,3829.2 ,151.7 ,528.1 ,10048.7 ,102.7 ,271.7 ,2.7 ,
1966/Q2,9567.2 ,2452.9 ,3847.1 ,190.9 ,638.2 ,11907.4 ,113.9 ,271.2 ,2.9 ,
1966/Q3,9284.0 ,2047.2 ,4063.7 ,208.2 ,693.1 ,11020.0 ,128.4 ,271.2 ,3.0 ,
1966/Q4,12908.7 ,1976.5 ,3971.4 ,241.3 ,939.8 ,13353.0 ,142.0 ,271.2 ,3.0 ,
1967/Q1,12301.9 ,346.0 ,4192.0 ,190.6 ,659.4 ,10998.6 ,158.8 ,270.1 ,3.1 ,
1967/Q2,10591.2 ,2185.5 ,4253.1 ,241.1 ,713.6 ,12509.7 ,181.0 ,270.0 ,3.2 ,
1967/Q3,10410.6 ,3098.4 ,4472.0 ,257.3 ,1155.4 ,12570.8 ,204.2 ,270.6 ,3.2 ,
1967/Q4,13811.2 ,2159.3 ,4281.1 ,340.8 ,1114.8 ,14456.6 ,229.1 ,274.6 ,3.4 ,
1968/Q1,13342.3 ,1161.0 ,4507.7 ,267.7 ,1062.5 ,12488.7 ,260.5 ,274.7 ,3.5 ,
1968/Q2,11970.0 ,3266.3 ,4565.9 ,343.7 ,1245.2 ,14207.7 ,305.2 ,274.8 ,3.5 ,
1968/Q3,11859.7 ,3688.5 ,4929.1 ,346.2 ,1353.9 ,14542.2 ,355.2 ,279.5 ,3.6 ,
1968/Q4,14912.6 ,2813.8 ,5037.7 ,463.2 ,1521.5 ,15950.4 ,394.0 ,281.5 ,3.7 ,
1969/Q1,14664.5 ,1208.0 ,4914.6 ,361.4 ,1277.7 ,13616.2 ,433.3 ,283.2 ,3.9 ,
1969/Q2,13450.5 ,3887.3 ,5077.3 ,462.9 ,1622.4 ,16006.2 ,485.9 ,285.0 ,3.9 ,
1969/Q3,13383.3 ,4299.4 ,5477.6 ,527.4 ,1747.8 ,16613.3 ,569.6 ,288.8 ,4.0 ,
1969/Q4,16153.5 ,4619.1 ,5597.4 ,588.2 ,1887.1 ,19280.8 ,609.6 ,304.5 ,4.3 ,
1970/Q1,16123.5 ,1391.4 ,5468.4 ,525.6 ,1631.3 ,15052.7 ,605.2 ,306.9 ,4.5 ,
1970/Q2,15074.1 ,4204.3 ,5596.1 ,618.4 ,1768.9 ,18205.6 ,643.4 ,310.8 ,4.6 ,
1970/Q3,15129.5 ,3591.3 ,5771.5 ,649.7 ,1834.9 ,17405.9 ,698.8 ,313.9 ,4.6 ,
1970/Q4,17400.6 ,5015.2 ,5759.5 ,741.8 ,1897.2 ,21438.5 ,761.5 ,316.7 ,4.9 ,
1971/Q1,17775.5 ,1738.7 ,5907.2 ,614.1 ,1879.4 ,16974.8 ,799.1 ,322.3 ,5.2 ,
1971/Q2,16655.2 ,5542.3 ,6106.7 ,783.0 ,2401.9 ,20607.8 ,850.2 ,370.8 ,5.2 ,
1971/Q3,16521.0 ,4307.4 ,6307.5 ,819.5 ,2242.6 ,19382.4 ,929.9 ,370.8 ,5.3 ,
1971/Q4,18886.9 ,4784.2 ,6224.0 ,932.0 ,2044.8 ,22741.3 ,985.0 ,373.3 ,5.4 ,
1972/Q1,19068.7 ,749.2 ,6425.2 ,807.3 ,1915.4 ,17900.2 ,1029.5 ,387.1 ,5.7 ,
1972/Q2,17539.0 ,4692.6 ,6535.0 ,1065.6 ,2172.6 ,21674.8 ,1096.1 ,399.7 ,5.9 ,
1972/Q3,17280.7 ,3543.0 ,6836.7 ,1246.0 ,2232.1 ,20608.7 ,1227.8 ,398.7 ,6.1 ,
1972/Q4,19873.0 ,5283.6 ,6751.9 ,1380.9 ,2263.1 ,25272.8 ,1315.8 ,398.9 ,5.9 ,
1973/Q1,20674.7 ,1445.9 ,6615.4 ,1294.3 ,2557.4 ,20174.9 ,1431.0 ,398.9 ,5.9 ,
1973/Q2,19105.7 ,6081.4 ,6709.8 ,1674.4 ,3235.6 ,24604.5 ,1507.9 ,398.9 ,6.0 ,
1973/Q3,19142.8 ,4916.8 ,6995.7 ,1778.6 ,2854.4 ,24372.9 ,1650.1 ,397.7 ,6.1 ,
1973/Q4,21530.0 ,6369.0 ,6827.6 ,2041.6 ,2853.6 ,29035.8 ,1790.6 ,397.5 ,6.3 ,
1974/Q1,22526.0 ,3406.4 ,7008.8 ,1591.1 ,3393.0 ,23304.2 ,1820.6 ,398.9 ,7.0 ,
1974/Q2,20787.8 ,7008.5 ,7045.6 ,1966.4 ,3723.3 ,27269.1 ,1859.8 ,399.0 ,7.5 ,
1974/Q3,20561.8 ,6112.9 ,7389.4 ,1846.5 ,3436.8 ,26234.9 ,2070.7 ,399.0 ,7.8 ,
1974/Q4,22609.1 ,8111.1 ,7663.1 ,1676.7 ,3203.5 ,30719.4 ,2175.4 ,484.0 ,8.0 ,
1975/Q1,23725.9 ,3350.5 ,7592.2 ,1461.1 ,3426.4 ,23805.9 ,2264.4 ,484.0 ,8.5 ,
1975/Q2,21830.7 ,7713.0 ,7650.3 ,1994.1 ,3862.2 ,29061.6 ,2423.1 ,484.0 ,9.2 ,
1975/Q3,21762.6 ,4615.7 ,7758.6 ,2455.4 ,3018.5 ,28373.6 ,2643.0 ,484.0 ,9.9 ,
1975/Q4,24111.6 ,8844.2 ,8113.4 ,2681.6 ,4025.8 ,34716.8 ,2723.3 ,484.0 ,10.3 ,
1976/Q1,25602.8 ,3228.4 ,7681.2 ,2293.1 ,4004.9 ,26745.0 ,2840.6 ,484.0 ,10.5 ,
1976/Q2,23411.2 ,9410.8 ,7605.2 ,3020.5 ,4817.7 ,33298.5 ,2921.6 ,484.0 ,10.8 ,
1976/Q3,23448.0 ,7358.5 ,7872.7 ,3249.3 ,4475.1 ,32227.1 ,3258.6 ,484.0 ,11.2 ,
1976/Q4,26658.2 ,10019.2 ,8135.7 ,3391.0 ,4548.1 ,39018.5 ,3679.8 ,484.0 ,11.2 ,
1977/Q1,26135.9 ,3885.5 ,8206.1 ,2885.0 ,4600.8 ,29210.4 ,3830.4 ,484.0 ,11.6 ,
1977/Q2,24256.8 ,11774.9 ,8351.8 ,3683.5 ,6145.2 ,36235.5 ,4148.4 ,484.0 ,11.9 ,
1977/Q3,24577.5 ,9741.5 ,8448.6 ,3781.2 ,5072.8 ,36593.5 ,4696.9 ,484.0 ,12.3 ,
1977/Q4,29654.5 ,13989.1 ,8455.6 ,4221.2 ,5966.4 ,45445.5 ,5155.7 ,484.0 ,12.4 ,
1978/Q1,27662.0 ,7081.9 ,8744.4 ,3521.4 ,6057.7 ,33621.6 ,5424.7 ,484.0 ,13.1 ,
1978/Q2,26791.4 ,14100.3 ,8836.1 ,4214.4 ,6945.7 ,40978.1 ,5609.8 ,484.0 ,13.5 ,
1978/Q3,26648.9 ,13005.7 ,8904.8 ,4476.5 ,7035.6 ,40176.0 ,6328.8 ,484.0 ,14.1 ,
1978/Q4,32447.4 ,17755.6 ,8839.2 ,4820.3 ,8384.3 ,48863.2 ,6981.8 ,484.0 ,14.5 ,
1979/Q1,30926.4 ,10659.8 ,9324.3 ,3699.1 ,7715.8 ,38544.0 ,6995.4 ,484.0 ,15.1 ,
1979/Q2,29128.0 ,18880.5 ,9234.2 ,4385.9 ,8789.9 ,45718.2 ,7349.1 ,484.0 ,16.2 ,
1979/Q3,29145.6 ,14523.2 ,9402.2 ,4694.2 ,7907.6 ,43297.4 ,7940.7 ,484.0 ,16.6 ,
1979/Q4,34265.8 ,16664.7 ,9416.6 ,4762.3 ,7869.2 ,50268.8 ,9058.6 ,484.0 ,17.2 ,
1980/Q1,31037.7 ,9205.1 ,10474.4 ,3962.7 ,7453.5 ,38624.4 ,9947.3 ,586.1 ,19.1 ,
1980/Q2,29521.6 ,14781.1 ,10181.0 ,4696.4 ,7989.6 ,44131.8 ,10402.4 ,603.0 ,20.5 ,
1980/Q3,29561.3 ,13488.4 ,10611.8 ,4900.4 ,7493.8 ,44290.8 ,11535.2 ,625.0 ,21.4 ,
1980/Q4,33340.8 ,13696.0 ,10583.4 ,5475.7 ,8268.6 ,47854.9 ,13087.4 ,659.9 ,22.8 ,
1981/Q1,31907.8 ,7429.6 ,11506.0 ,4936.9 ,7471.5 ,40088.1 ,13839.2 ,672.8 ,23.9 ,
1981/Q2,31244.6 ,13821.8 ,10922.4 ,5590.5 ,8686.1 ,45837.1 ,14808.5 ,685.1 ,25.1 ,
1981/Q3,31214.4 ,14453.4 ,11154.7 ,5590.9 ,8160.9 ,47772.4 ,15943.1 ,685.5 ,26.3 ,
1981/Q4,35784.2 ,16676.9 ,11061.7 ,5555.9 ,8345.2 ,53877.9 ,17814.1 ,700.5 ,26.4 ,
1982/Q1,33938.4 ,8464.4 ,11370.4 ,4944.9 ,7259.8 ,43697.7 ,19047.6 ,718.3 ,26.8 ,
1982/Q2,33681.7 ,14724.4 ,10991.6 ,5731.0 ,8532.0 ,49821.5 ,20783.9 ,740.8 ,27.2 ,
1982/Q3,34259.8 ,15665.7 ,11333.4 ,5725.8 ,8507.4 ,51668.2 ,22837.6 ,742.9 ,27.5 ,
1982/Q4,38083.8 ,18575.1 ,11928.6 ,5716.3 ,8859.0 ,58028.4 ,24413.7 ,748.8 ,27.6 ,
1983/Q1,36814.5 ,12098.8 ,11983.9 ,5302.8 ,8228.4 ,49699.1 ,24891.6 ,763.4 ,28.1 ,
1983/Q2,36851.0 ,18302.4 ,11502.6 ,6075.5 ,9190.5 ,56472.8 ,26586.3 ,776.7 ,28.2 ,
1983/Q3,37559.6 ,17320.3 ,11714.5 ,7024.1 ,8493.0 ,59963.1 ,28251.5 ,789.3 ,28.2 ,
1983/Q4,41692.6 ,18813.0 ,12076.7 ,7356.1 ,9529.0 ,64263.3 ,30006.7 ,795.5 ,28.2 ,
1984/Q1,39735.0 ,14672.4 ,12378.7 ,6267.6 ,8865.7 ,56557.1 ,31162.6 ,791.8 ,28.7 ,
1984/Q2,39815.8 ,20372.1 ,12027.0 ,7042.4 ,9598.0 ,63361.7 ,32369.3 ,803.4 ,28.8 ,
1984/Q3,40820.8 ,19557.1 ,12298.7 ,7664.6 ,9292.8 ,65688.5 ,34234.5 ,815.2 ,28.9 ,
1984/Q4,44328.3 ,18617.9 ,12856.0 ,8034.7 ,9215.4 ,69101.8 ,35704.4 ,827.4 ,29.0 ,
1985/Q1,42258.9 ,15820.5 ,13319.1 ,6361.1 ,8869.5 ,60797.6 ,36324.7 ,850.3 ,29.2 ,
1985/Q2,42763.8 ,20840.0 ,12355.8 ,7368.8 ,9562.4 ,67581.3 ,37827.8 ,873.8 ,29.5 ,
1985/Q3,43786.4 ,19964.9 ,12494.5 ,7886.7 ,8762.7 ,70487.5 ,39879.4 ,891.7 ,29.7 ,
1985/Q4,47922.0 ,21903.0 ,13058.0 ,7768.2 ,9022.4 ,75809.0 ,42161.5 ,890.2 ,29.9 ,
1986/Q1,45987.1 ,18044.2 ,13713.6 ,7879.7 ,11036.7 ,66339.3 ,45101.6 ,885.2 ,30.3 ,
1986/Q2,46774.0 ,23394.8 ,12856.7 ,9741.1 ,12474.8 ,74470.3 ,47462.7 ,886.6 ,30.4 ,
1986/Q3,47897.1 ,24153.8 ,13319.2 ,10787.0 ,11929.4 ,80269.2 ,50602.7 ,877.0 ,30.5 ,
1986/Q4,52578.2 ,24557.3 ,14036.2 ,11269.0 ,12800.8 ,84709.8 ,54620.0 ,861.4 ,30.3 ,
1987/Q1,50179.7 ,20417.5 ,14621.9 ,10157.1 ,12405.7 ,76258.2 ,58054.9 ,846.9 ,30.5 ,
1987/Q2,51223.7 ,26816.3 ,14063.8 ,12871.7 ,15090.2 ,85822.0 ,63003.1 ,808.9 ,31.2 ,
1987/Q3,51593.9 ,28154.8 ,14137.0 ,12789.4 ,14275.1 ,88911.0 ,66737.7 ,805.8 ,31.6 ,
1987/Q4,56841.6 ,27831.0 ,14984.9 ,13554.2 ,15199.6 ,93704.9 ,71161.0 ,792.3 ,31.9 ,
1988/Q1,54892.3 ,26598.4 ,15896.6 ,12344.4 ,14930.9 ,88855.4 ,76112.1 ,746.2 ,32.8 ,
1988/Q2,55794.7 ,30291.4 ,14776.3 ,13476.5 ,16480.2 ,93021.9 ,81102.4 ,728.3 ,33.4 ,
1988/Q3,56683.0 ,32808.0 ,15417.5 ,14085.2 ,16505.8 ,98341.0 ,87574.4 ,719.0 ,33.8 ,
1988/Q4,62155.7 ,33416.1 ,16673.3 ,14736.9 ,16586.7 ,105799.2 ,92386.7 ,684.1 ,34.1 ,
1989/Q1,61185.3 ,28091.6 ,17507.8 ,12136.3 ,16800.0 ,93280.1 ,96322.2 ,671.9 ,34.6 ,
1989/Q2,61898.2 ,35452.9 ,16459.1 ,12973.0 ,18630.7 ,100298.3 ,99282.8 ,667.2 ,35.3 ,
1989/Q3,62571.0 ,38833.3 ,17179.6 ,13373.4 ,19112.6 ,105160.7 ,105705.9 ,670.0 ,35.7 ,
1989/Q4,68698.5 ,41856.0 ,18736.7 ,14157.0 ,20163.3 ,114580.9 ,116204.2 ,679.6 ,36.1 ,
1990/Q1,67957.8 ,34156.5 ,19583.6 ,12300.5 ,19813.3 ,102643.4 ,122990.8 ,702.1 ,37.3 ,
1990/Q2,68355.2 ,42146.3 ,18355.3 ,13684.1 ,21415.3 ,111261.3 ,127964.6 ,716.0 ,38.4 ,
1990/Q3,68610.8 ,44330.1 ,18831.0 ,14421.1 ,21078.0 ,116241.4 ,134811.7 ,712.9 ,38.9 ,
1990/Q4,75000.3 ,46620.9 ,20404.2 ,14912.1 ,22436.5 ,123999.9 ,145603.7 ,716.4 ,39.4 ,
1991/Q1,74121.9 ,42057.4 ,20424.9 ,13653.2 ,23518.9 ,114343.2 ,151061.5 ,724.7 ,40.9 ,
1991/Q2,74321.3 ,50742.4 ,19090.3 ,15826.3 ,25718.9 ,124393.3 ,156699.4 ,723.1 ,41.8 ,
1991/Q3,75117.2 ,54022.3 ,19786.1 ,15089.3 ,25691.0 ,127579.9 ,165637.5 ,741.5 ,42.6 ,
1991/Q4,81719.1 ,53196.8 ,21620.7 ,17509.7 ,26749.3 ,136777.6 ,174029.9 ,760.8 ,43.1 ,
1992/Q1,81089.0 ,45766.9 ,21588.6 ,15441.9 ,26865.7 ,124223.3 ,181351.4 ,775.1 ,43.8 ,
1992/Q2,80056.4 ,54119.9 ,20295.9 ,17441.8 ,27653.3 ,133976.8 ,188092.1 ,790.2 ,44.7 ,
1992/Q3,79178.8 ,50712.8 ,21159.0 ,17624.6 ,25262.6 ,133823.3 ,198142.4 ,786.6 ,45.1 ,
1992/Q4,86236.1 ,51340.7 ,22938.1 ,19096.8 ,26794.2 ,142255.7 ,211468.9 ,788.4 ,45.1 ,
1993/Q1,87239.9 ,43267.4 ,22589.2 ,17020.6 ,27156.9 ,130454.0 ,220331.5 ,794.0 ,45.8 ,
1993/Q2,84909.7 ,55484.8 ,21716.3 ,19128.8 ,28501.9 ,142664.3 ,228362.9 ,803.7 ,46.8 ,
1993/Q3,84716.1 ,56009.0 ,21749.1 ,19448.3 ,27881.2 ,144405.6 ,242595.7 ,808.8 ,47.1 ,
1993/Q4,92382.7 ,57466.0 ,23544.8 ,21011.0 ,30223.0 ,153500.1 ,248271.0 ,808.1 ,47.6 ,
1994/Q1,95058.1 ,50774.5 ,23281.4 ,19347.4 ,32293.4 ,143155.8 ,261603.1 ,806.5 ,48.8 ,
1994/Q2,92412.4 ,63076.3 ,21930.6 ,22351.4 ,34711.8 ,154928.2 ,275595.3 ,805.5 ,49.5 ,
1994/Q3,92553.7 ,63264.5 ,22756.9 ,22648.6 ,34579.8 ,156472.6 ,286472.3 ,798.9 ,50.4 ,
1994/Q4,101370.2 ,66943.3 ,24603.2 ,26125.8 ,39408.5 ,169393.6 ,300657.9 ,788.7 ,50.3 ,
1995/Q1,105104.3 ,55460.3 ,24204.6 ,24251.6 ,40154.0 ,156877.7 ,311047.4 ,771.5 ,51.2 ,
1995/Q2,102560.7 ,69035.8 ,22783.2 ,28317.1 ,43389.3 ,170434.5 ,327647.4 ,758.1 ,51.9 ,14.7 
1995/Q3,103064.2 ,71677.3 ,23670.1 ,27873.7 ,43374.2 ,173299.7 ,345159.9 ,768.4 ,52.4 ,13.4 
1995/Q4,111567.7 ,70292.5 ,25493.6 ,30800.1 ,45137.1 ,183328.4 ,370600.4 ,774.7 ,52.6 ,11.9 
1996/Q1,114000.5 ,59812.5 ,25863.4 ,28356.7 ,46409.9 ,169643.1 ,383578.2 ,782.7 ,53.6 ,12.0 
1996/Q2,110633.5 ,77633.1 ,24261.0 ,30118.6 ,48537.8 ,184170.7 ,399394.8 ,810.6 ,54.4 ,11.2 
1996/Q3,110325.6 ,80970.5 ,25206.6 ,29558.6 ,48533.2 ,186973.7 ,415293.8 ,821.2 ,55.0 ,12.1 
1996/Q4,120038.4 ,78068.5 ,27482.0 ,34544.1 ,52895.4 ,197120.5 ,432315.6 ,844.2 ,55.2 ,12.1 
1997/Q1,119698.6 ,64138.5 ,26778.5 ,30728.1 ,50091.9 ,179873.5 ,448589.3 ,897.1 ,56.1 ,12.2 
1997/Q2,115951.0 ,78802.2 ,24997.3 ,37394.2 ,51413.8 ,198253.7 ,468636.3 ,888.1 ,56.6 ,12.2 
1997/Q3,117335.2 ,78993.0 ,25823.3 ,36654.1 ,50851.1 ,199804.5 ,490631.3 ,914.8 ,57.2 ,11.7 
1997/Q4,121222.0 ,71355.7 ,27677.7 ,40740.6 ,48658.8 ,205509.4 ,517306.9 ,1415.2 ,58.0 ,13.0 
1998/Q1,105083.2 ,41613.5 ,27949.7 ,39101.2 ,35336.0 ,174597.8 ,559556.3 ,1378.8 ,61.1 ,15.0 
1998/Q2,99977.3 ,54752.2 ,25837.7 ,42452.8 ,37560.3 ,184021.8 ,585482.9 ,1385.2 ,61.3 ,16.3 
1998/Q3,103112.2 ,57000.1 ,26947.9 ,39959.8 ,36779.8 ,187002.3 ,621838.3 ,1373.6 ,61.2 ,12.0 
1998/Q4,109497.9 ,59043.2 ,28790.4 ,45197.1 ,42655.9 ,197632.9 ,639664.3 ,1207.8 ,61.5 ,8.3 
1999/Q1,113804.7 ,52849.0 ,29436.0 ,40997.8 ,43351.3 ,186867.2 ,665514.8 ,1224.7 ,61.5 ,6.9 
1999/Q2,111499.7 ,70530.0 ,27208.7 ,46810.7 ,46170.6 ,206407.9 ,670344.4 ,1155.9 ,61.6 ,6.7 
1999/Q3,117174.7 ,71732.9 ,28307.8 ,46215.7 ,47303.6 ,210992.1 ,679138.5 ,1218.7 ,61.6 ,8.7 
1999/Q4,125509.5 ,72211.3 ,29998.7 ,53142.3 ,53034.1 ,224216.1 ,672544.4 ,1145.4 ,62.3 ,8.5 
2000/Q1,128813.5 ,66237.7 ,30447.5 ,49223.9 ,57658.6 ,210585.8 ,684735.3 ,1108.3 ,62.7 ,9.1 
2000/Q2,124555.5 ,79046.4 ,27378.8 ,54718.6 ,57013.2 ,225287.6 ,683704.8 ,1114.8 ,62.6 ,8.9 
2000/Q3,126398.2 ,81192.9 ,28034.1 ,56507.8 ,58466.0 ,230172.3 ,697736.0 ,1115.0 ,63.4 ,7.9 
2000/Q4,131839.4 ,79292.7 ,29874.4 ,58507.3 ,58667.0 ,237505.2 ,707698.9 ,1259.7 ,63.9 ,7.3 
2001/Q1,132528.3 ,65214.7 ,31654.6 ,53464.2 ,56794.2 ,221365.2 ,720212.6 ,1328.0 ,65.0 ,5.8 
2001/Q2,131537.0 ,79340.2 ,28930.2 ,53636.0 ,53408.3 ,236420.0 ,737260.0 ,1300.7 ,65.8 ,6.4 
2001/Q3,134384.5 ,81125.5 ,30317.8 ,52859.8 ,55404.1 ,238124.7 ,768718.4 ,1309.1 ,66.1 ,5.3 
2001/Q4,142794.3 ,85329.8 ,32297.5 ,55058.4 ,58172.7 ,251484.9 ,764979.3 ,1326.1 ,66.0 ,5.3 
2002/Q1,147309.3 ,66847.4 ,34100.0 ,54356.0 ,59421.2 ,237385.4 ,805123.3 ,1326.4 ,66.6 ,6.1 
2002/Q2,144607.3 ,85888.1 ,31494.8 ,59115.8 ,61615.6 ,254479.2 ,826520.5 ,1201.8 ,67.5 ,6.2 
2002/Q3,146327.1 ,89029.2 ,31443.8 ,62271.5 ,66004.0 ,257558.0 ,840325.0 ,1225.5 ,67.8 ,5.5 
2002/Q4,151589.3 ,93867.5 ,34223.6 ,66824.7 ,70062.1 ,271159.8 ,872075.6 ,1200.4 ,68.2 ,5.3 
2003/Q1,149370.0 ,75822.4 ,35648.1 ,61976.7 ,69982.1 ,247351.6 ,887799.0 ,1252.9 ,69.4 ,4.8 
2003/Q2,143647.9 ,90064.0 ,33067.9 ,64314.8 ,65887.4 ,260380.1 ,881989.1 ,1193.1 ,69.8 ,4.3 
2003/Q3,144655.1 ,91193.2 ,33233.3 ,68652.6 ,70092.7 ,262915.2 ,880971.9 ,1150.2 ,70.0 ,4.4 
2003/Q4,149927.4 ,96957.1 ,35961.0 ,80563.5 ,78083.2 ,282056.2 ,898069.4 ,1197.8 ,70.6 ,4.6 
2004/Q1,148342.2 ,78847.2 ,37073.7 ,79375.0 ,78626.3 ,261589.1 ,913949.2 ,1153.6 ,71.6 ,4.8 
2004/Q2,144588.4 ,94801.9 ,35025.4 ,82941.7 ,77553.3 ,277912.9 ,929193.8 ,1152.5 ,72.1 ,4.4 
2004/Q3,145000.5 ,93315.5 ,34824.4 ,82306.3 ,76768.7 ,276493.0 ,945480.2 ,1147.9 ,73.0 ,3.9 
2004/Q4,152016.2 ,101742.7 ,37335.3 ,88754.5 ,85421.7 ,291421.2 ,954722.5 ,1043.8 ,72.9 ,3.4 
2005/Q1,151767.0 ,81036.6 ,38841.6 ,83108.4 ,82087.1 ,269327.0 ,970629.1 ,1024.3 ,73.9 ,4.0 
2005/Q2,151482.1 ,98569.6 ,36848.0 ,87572.1 ,84221.6 ,288655.8 ,999795.4 ,1024.4 ,74.3 ,3.8 
2005/Q3,153422.1 ,97978.3 ,36763.9 ,90431.2 ,86524.5 ,290326.6 ,1004087.9 ,1038.0 ,74.7 ,4.3 
2005/Q4,160745.5 ,99295.3 ,39509.6 ,98599.8 ,90218.9 ,306820.2 ,1021448.7 ,1013.0 ,74.7 ,5.0 
2006/Q1,160479.6 ,87072.1 ,41748.8 ,94199.2 ,94312.1 ,286486.3 ,1040062.1 ,975.9 ,75.5 ,4.9 
2006/Q2,158650.2 ,99533.5 ,39839.6 ,99457.0 ,93141.9 ,302612.7 ,1082235.0 ,960.3 ,76.0 ,4.9 
2006/Q3,160353.2 ,104477.3 ,39364.7 ,103249.7 ,100174.9 ,305159.9 ,1112597.1 ,945.2 ,76.6 ,4.8 
2006/Q4,168321.2 ,104644.8 ,42613.0 ,106133.2 ,98208.3 ,321680.6 ,1149262.1 ,929.6 ,76.3 ,4.7 
2007/Q1,168685.7 ,89101.6 ,44736.6 ,104971.9 ,104051.3 ,300605.5 ,1164050.7 ,940.3 ,77.0 ,4.9 
2007/Q2,167342.4 ,109332.2 ,42798.9 ,110709.9 ,107261.3 ,320445.5 ,1204632.9 ,926.8 ,77.8 ,5.1 
2007/Q3,169466.1 ,104969.0 ,41425.0 ,113691.2 ,105631.3 ,321816.9 ,1227055.3 ,920.7 ,78.3 ,5.3 
2007/Q4,176538.2 ,112247.1 ,45284.6 ,124464.9 ,112813.6 ,343590.6 ,1273611.9 ,938.2 ,78.9 ,5.6 
2008/Q1,176941.4 ,93755.7 ,46687.8 ,118612.1 ,114458.6 ,318145.9 ,1316505.1 ,991.7 ,79.9 ,5.2 
2008/Q2,172167.0 ,111507.2 ,44804.5 ,120460.6 ,112079.0 ,334568.8 ,1368551.7 ,1043.4 ,81.6 ,5.3 
2008/Q3,172789.9 ,113466.7 ,43366.0 ,124270.8 ,116543.2 ,334821.0 ,1392431.9 ,1187.7 ,82.7 ,5.9 
2008/Q4,171205.0 ,95833.5 ,47782.5 ,124996.1 ,100700.0 ,337683.6 ,1425887.5 ,1257.5 ,82.4 ,4.7 
2009/Q1,169626.2 ,69158.5 ,50147.6 ,114481.8 ,92217.0 ,312308.6 ,1467314.9 ,1377.1 ,83.0 ,3.6 
2009/Q2,170815.3 ,92877.9 ,48522.6 ,116212.6 ,98279.0 ,330539.3 ,1509702.2 ,1284.7 ,83.8 ,3.9 
2009/Q3,173945.8 ,103757.2 ,46372.3 ,123133.7 ,108282.7 ,337801.4 ,1541191.2 ,1188.7 ,84.3 ,4.3 
2009/Q4,180227.8 ,107779.6 ,49744.4 ,132280.7 ,114347.5 ,355075.0 ,1566850.0 ,1167.6 ,84.4 ,4.3 
2010/Q1,180935.5 ,98767.1 ,52865.4 ,122044.6 ,115286.6 ,335204.8 ,1609271.8 ,1130.8 ,85.5 ,4.1 
2010/Q2,177018.6 ,109235.5 ,51126.6 ,137543.2 ,117837.9 ,356501.1 ,1645713.7 ,1210.3 ,86.1 ,3.7 
2010/Q3,180649.9 ,112125.2 ,48829.3 ,138884.4 ,122095.3 ,357293.6 ,1652908.0 ,1142.0 ,86.7 ,3.7 
2010/Q4,186514.5 ,117146.4 ,52917.6 ,150966.1 ,130243.7 ,377618.5 ,1660530.0 ,1138.9 ,87.2 ,3.3 
2011/Q1,187921.3 ,100927.3 ,54474.0 ,149442.0 ,136059.6 ,353395.6 ,1675788.6 ,1107.2 ,88.8 ,3.8 
2011/Q2,183227.7 ,122408.1 ,52582.9 ,156365.8 ,141859.3 ,370111.5 ,1693131.7 ,1078.1 ,89.5 ,3.7 
2011/Q3,185331.3 ,110241.5 ,49998.3 ,160708.5 ,136757.6 ,368304.3 ,1727997.3 ,1179.5 ,90.5 ,3.6 
2011/Q4,190010.4 ,117787.5 ,53957.4 ,167630.2 ,141237.7 ,387387.0 ,1751458.4 ,1153.3 ,90.6 ,3.4 
2012/Q1,190394.7 ,105497.2 ,57413.6 ,156548.2 ,143802.5 ,361724.2 ,1782765.5 ,1137.8 ,91.5 ,3.5 
2012/Q2,184410.3 ,114752.6 ,55041.7 ,165896.5 ,140456.4 ,379044.2 ,1803812.4 ,1153.8 ,91.7 ,3.4 
2012/Q3,189539.3 ,108747.3 ,51809.6 ,170043.8 ,142276.6 ,376867.9 ,1824002.8 ,1118.6 ,91.9 ,2.9 
2012/Q4,194495.1 ,110482.0 ,56224.6 ,178396.6 ,143652.1 ,397100.3 ,1835641.6 ,1071.1 ,92.2 ,2.8 
2013/Q1,192822.2 ,98478.7 ,59562.4 ,165023.4 ,143311.5 ,370014.0 ,1868046.5 ,1112.1 ,92.9 ,2.7 
2013/Q2,187576.8 ,110412.2 ,58310.6 ,175269.5 ,142103.0 ,390130.2 ,1892905.6 ,1149.7 ,92.8 ,2.7 
2013/Q3,192855.2 ,113368.7 ,54085.4 ,173494.5 ,143667.8 ,390031.2 ,1900172.3 ,1075.6 ,93.2 ,2.9 
2013/Q4,198759.5 ,121651.0 ,59077.5 ,182727.1 ,150456.1 ,412498.2 ,1920795.0 ,1055.3 ,93.2 ,2.9 
2014/Q1,198603.5 ,100948.4 ,62290.1 ,170572.6 ,146727.1 ,383939.7 ,1961050.4 ,1068.8 ,94.0 ,2.9 
2014/Q2,191071.7 ,114652.6 ,60498.2 ,180184.7 ,144503.9 ,403578.9 ,2000102.0 ,1014.4 ,94.3 ,2.8 
2014/Q3,196261.8 ,119590.4 ,56368.5 ,175926.6 ,145453.5 ,401978.7 ,2036546.5 ,1050.6 ,94.5 ,2.5 
2014/Q4,201472.6 ,124487.3 ,61743.9 ,184426.4 ,150174.4 ,423220.2 ,2077234.0 ,1099.2 ,94.1 ,2.2 
2015/Q1,201742.9 ,105409.3 ,64918.7 ,170495.8 ,148130.7 ,393340.9 ,2127954.4 ,1105.0 ,94.6 ,2.0 
2015/Q2,194514.9 ,120714.2 ,63266.0 ,178400.1 ,145512.7 ,411511.3 ,2191606.1 ,1124.1 ,94.8 ,1.8 
2015/Q3,200252.1 ,127649.3 ,58188.2 ,176173.6 ,148098.4 ,415415.8 ,2220730.1 ,1194.5 ,95.1 ,1.7 
2015/Q4,208302.4 ,135828.8 ,63715.1 ,187706.3 ,157515.4 ,437752.4 ,2247375.0 ,1172.0 ,94.9 ,1.7 
2016/Q1,206725.4 ,110746.8 ,68167.9 ,173404.2 ,153594.1 ,404413.1 ,2296468.4 ,1153.5 ,95.4 ,1.5 
2016/Q2,200855.7 ,130086.5 ,65953.1 ,183405.9 ,154068.1 ,426490.2 ,2337560.9 ,1164.7 ,95.6 ,1.4 
2016/Q3,206718.6 ,135934.5 ,61071.3 ,182253.8 ,159220.7 ,427009.6 ,2380204.9 ,1096.3 ,95.8 ,1.3 
2016/Q4,211376.5 ,143528.5 ,65970.1 ,190621.0 ,163383.7 ,448967.4 ,2407459.1 ,1208.5 ,96.3 ,1.6 
2017/Q1,211049.7 ,126984.9 ,70080.8 ,180553.0 ,172947.8 ,417033.0 ,2438307.0 ,1116.1 ,97.5 ,1.7 
2017/Q2,206195.5 ,146119.0 ,68239.2 ,184425.5 ,167263.4 ,438219.7 ,2463832.7 ,1139.6 ,97.4 ,1.7 
2017/Q3,213017.3 ,147542.8 ,64153.6 ,191996.3 ,173274.4 ,443648.2 ,2510203.7 ,1146.7 ,97.9 ,1.8 
2017/Q4,218326.8 ,156350.1 ,68955.1 ,190808.7 ,172603.6 ,461910.6 ,2530353.6 ,1071.4 ,97.7 ,2.1 
2018/Q1,219522.1 ,130970.1 ,73995.0 ,181175.0 ,178891.0 ,429235.5 ,2584208.4 ,1066.5 ,98.6 ,2.2 
2018/Q2,212809.0 ,146103.2 ,71116.7 ,191911.9 ,170340.3 ,451594.3 ,2632341.1 ,1121.7 ,98.9 ,2.2 
2018/Q3,218795.9 ,139618.7 ,67029.1 ,199755.0 ,170356.2 ,454288.4 ,2661729.3 ,1112.7 ,99.4 ,2.0 
2018/Q4,224450.9 ,152711.5 ,73751.8 ,204673.1 ,178253.6 ,476887.3 ,2700362.4 ,1118.1 ,99.5 ,1.9 
2019/Q1,223038.0 ,123648.5 ,78186.6 ,179209.6 ,168162.5 ,437200.9 ,2763165.2 ,1137.8 ,99.1 ,1.8 
2019/Q2,217649.6 ,144953.8 ,76069.4 ,191446.7 ,168288.8 ,461889.2 ,2813932.9 ,1156.8 ,99.5 ,1.6 
2019/Q3,223651.8 ,140566.6 ,71562.9 ,199802.7 ,171126.0 ,463975.6 ,2853964.3 ,1201.3 ,99.5 ,1.3 
2019/Q4,229735.4 ,149300.0 ,78370.9 ,208909.0 ,176939.4 ,489600.7 ,2913609.6 ,1157.8 ,99.7 ,1.4 
2020/Q1,212597.3 ,126317.9 ,83570.4 ,189480.9 ,169157.4 ,443489.9 ,2986838.8 ,1222.6 ,100.1 ,1.2 
2020/Q2,209165.1 ,144926.4 ,80893.2 ,167820.4 ,154685.7 ,450089.2 ,3083081.9 ,1200.7 ,99.6 ,0.9 
2020/Q3,214043.6 ,140730.5 ,75001.3 ,196840.4 ,166208.6 ,459979.9 ,3132300.8 ,1173.5 ,100.2 ,0.9 
2020/Q4,215150.8 ,151444.6 ,80212.8 ,211924.1 ,173051.7 ,485964.3 ,3199835.7 ,1088.0 ,100.2 ,1.0 
2021/Q1,215090.0 ,129603.2 ,85468.1 ,202329.4 ,179300.5 ,454070.4 ,3324920.8 ,1133.5 ,101.5 ,1.0 
2021/Q2,216853.3 ,147321.9 ,85127.2 ,207562.1 ,177603.5 ,478913.2 ,3418842.8 ,1130.0 ,102.0 ,1.2 
2021/Q3,221229.8 ,145862.3 ,79801.3 ,212398.7 ,179337.0 ,479032.9 ,3503617.5 ,1184.9 ,102.7 ,1.4 
2021/Q4,228223.3 ,157054.9 ,86795.2 ,228768.4 ,193803.1 ,506693.5 ,3613687.6 ,1185.5 ,103.8 ,1.9 
2022/Q1,223595.3 ,124957.9 ,91024.6 ,217310.2 ,187342.1 ,467951.3 ,3652818.7 ,1210.8 ,105.5 ,2.2 
2022/Q2,225715.7 ,142915.7 ,88217.5 ,217239.5 ,180423.1 ,492963.4 ,3712838.4 ,1292.9 ,107.5 ,3.1 
2022/Q3,232807.8 ,151058.4 ,81557.8 ,223088.6 ,193368.1 ,494154.6 ,3747840.6 ,1434.8 ,108.7 ,3.5 
2022/Q4,235677.7 ,159480.4 ,89949.2 ,222599.2 ,194751.5 ,513770.2 ,3758235.5 ,1267.3 ,109.2 ,3.9 
2023/Q1,233780.3 ,132942.8 ,94700.5 ,212895.0 ,198370.1 ,472155.5 ,3776930.1 ,1303.8 ,110.3 ,3.5 
2023/Q2,229263.8 ,146189.8 ,89060.8 ,217836.1 ,185450.3 ,497345.6 ,3808194.2 ,1312.8 ,111.0 ,3.4 
2023/Q3,233387.8 ,148498.3 ,82449.8 ,229952.8 ,192882.0 ,500997.0 ,3839468.6 ,1344.8 ,112.1 ,3.7 
2023/Q4,237874.7 ,155198.8 ,89118.4 ,244503.0 ,201819.6 ,525122.8 ,3905384.3 ,1289.4 ,112.9 ,3.7 
