inlf,hours,kidslt6,kidsge6,age,educ,wage,repwage,hushrs,husage,huseduc,huswage,faminc,mtr,motheduc,fatheduc,unem,city,exper,nwifeinc,lwage,expersq
1,1610,1,0,32,12,3.354,2.65,2708,34,12,4.029,16310,0.721,12,7,5,0,14,11,1.210 ,196
1,1656,0,2,30,12,1.389,2.65,2310,30,9,8.442,21800,0.661,7,7,11,1,5,19,0.329 ,25
1,1980,1,3,35,12,4.545,4.04,3072,40,12,3.581,21040,0.692,12,7,5,0,15,12,1.514 ,225
1,456,0,3,34,12,1.097,3.25,1920,53,10,3.542,7300,0.781,7,7,5,0,6,7,0.092 ,36
1,1568,1,2,31,14,4.592,3.6,2000,32,12,10,27300,0.622,12,14,9.5,1,7,20,1.524 ,49
1,2032,0,0,54,12,4.742,4.7,1040,57,11,6.711,19495,0.692,14,7,7.5,1,33,10,1.556 ,1089
1,1440,0,2,37,16,8.333,5.95,2670,37,12,3.428,21152,0.692,14,7,5,0,11,9,2.120 ,121
1,1020,0,0,54,12,7.843,9.98,4120,53,8,2.549,18900,0.692,3,3,5,0,35,11,2.060 ,1225
1,1458,0,2,48,12,2.126,0,1995,52,4,4.221,20405,0.752,7,7,3,0,24,17,0.754 ,576
1,1600,0,2,39,12,4.688,4.15,2100,43,12,5.714,20425,0.692,7,7,5,0,21,13,1.545 ,441
1,1969,0,1,33,12,4.063,4.3,2450,34,12,9.796,32300,0.581,12,3,5,0,15,24,1.402 ,225
1,1960,0,1,42,11,4.592,4.58,2375,47,14,8,28700,0.622,14,7,5,0,14,20,1.524 ,196
1,240,1,2,30,12,2.083,0,2830,33,16,5.3,15500,0.721,16,16,5,0,0,15,0.734 ,0
1,997,0,2,43,12,2.267,3.5,3317,46,12,4.341,16860,0.721,10,10,7.5,1,14,15,0.818 ,196
1,1848,0,1,43,10,3.68,3.38,2024,45,17,10.87,31431,0.581,7,7,7.5,1,6,25,1.303 ,36
1,1224,0,3,35,11,1.347,0,1694,38,12,9.15,19180,0.721,16,10,7.5,1,9,18,0.298 ,81
1,1400,0,2,43,12,3.214,4,2156,45,12,6.122,18600,0.692,10,7,7.5,1,20,14,1.168 ,400
1,640,0,5,39,12,5.175,2.25,2250,40,12,6.15,19151,0.721,12,12,7.5,1,6,16,1.644 ,36
1,2000,0,0,45,12,2,2.3,2024,51,11,6.917,18100,0.692,7,7,5,1,23,14,0.693 ,529
1,1324,0,4,35,12,7.553,3.94,2123,40,10,4.71,20300,0.692,12,7,5,0,9,10,2.022 ,81
1,2215,0,2,42,16,3.505,3.3,4160,48,16,3.131,30419,0.622,10,16,7.5,0,5,23,1.254 ,25
1,1680,0,0,30,12,3.571,3.8,2000,35,12,4,14090,0.721,12,10,3,0,11,8,1.273 ,121
1,1600,0,0,48,13,3.25,3.26,2420,52,17,7.223,22679,0.661,7,3,5,1,18,17,1.179 ,324
1,800,0,0,45,12,3.25,2.2,1150,53,17,7.965,12160,0.721,7,7,11,0,15,10,1.179 ,225
1,1955,1,1,31,12,2.155,2.3,2024,31,12,4.088,12487,0.752,12,7,5,1,4,8,0.768 ,16
1,660,0,2,43,17,3.788,0,1904,43,17,14.181,29850,0.581,16,14,9.5,1,21,27,1.332 ,441
1,525,0,0,59,12,4,3.18,2448,53,16,6.536,18100,0.692,3,7,9.5,1,31,16,1.386 ,961
1,1904,0,3,32,12,4.727,6.07,2000,33,13,8.5,26000,0.661,3,7,11,1,9,17,1.553 ,81
1,1516,1,0,31,17,7.256,6,2390,30,17,6.276,26100,0.622,12,12,5,0,7,15,1.982 ,49
1,346,0,0,42,12,5.867,6.39,1920,47,10,5.208,17730,0.721,12,12,9.5,0,7,16,1.769 ,49
1,1040,0,0,50,11,1.538,0,1840,53,10,2.782,6719,0.752,7,7,7.5,1,32,5,0.431 ,1024
1,732,0,0,59,16,2.459,2.5,3360,57,17,4.911,18550,0.692,3,3,14,1,11,17,0.900 ,121
1,1880,0,2,36,13,5.851,5.2,2284,35,13,5.867,24600,0.661,12,10,7.5,0,16,14,1.767 ,256
1,1680,0,1,51,12,3.571,3.29,1875,50,8,7.52,23100,0.692,7,14,5,1,14,17,1.273 ,196
1,2081,0,3,45,16,3.807,4.19,2140,47,17,7.545,24656,0.661,12,12,5,1,27,17,1.337 ,729
1,690,0,1,42,11,2.464,0,1896,44,8,5.538,15897,0.752,10,3,7.5,0,0,14,0.902 ,0
1,4210,0,0,46,12,2.375,4.63,1040,49,16,6.923,20320,0.692,3,3,11,1,17,10,0.865 ,289
1,2205,0,1,46,10,4.535,4.55,2200,52,12,5,21384,0.661,10,3,11,0,28,11,1.512 ,784
1,1952,0,0,51,14,5.618,5.6,1952,58,12,7.306,25561,0.622,7,7,14,0,24,15,1.726 ,576
1,1302,0,0,30,17,14.631,9.53,1560,30,17,11.218,36550,0.58,14,17,5,1,11,18,2.683 ,121
1,112,1,2,30,12,2.679,0,4030,33,16,3.846,15810,0.721,12,12,3,0,1,16,0.985 ,1
1,893,0,0,57,12,3.919,3.5,2570,58,12,5.837,25500,0.622,9,9,7.5,1,14,22,1.366 ,196
1,583,1,2,31,16,2.573,9.98,1530,34,16,13.725,24000,0.661,14,16,9.5,1,6,23,0.945 ,36
1,480,0,2,48,12,4.537,4.65,3149,48,8,6.349,22172,0.661,3,3,5,0,10,20,1.512 ,100
1,1900,0,3,30,12,2,2.23,2690,32,12,5.253,17930,0.721,12,7,5,0,6,14,0.693 ,36
1,576,0,2,34,12,3.472,3.84,3096,33,12,1.308,7000,0.781,12,7,3,0,4,5,1.245 ,16
1,2056,0,2,48,16,2.016,0,2552,53,16,2.8,25300,0.721,14,16,5,1,10,21,0.701 ,100
1,1984,0,0,45,12,4.572,4.82,2040,47,11,2.696,16212,0.721,10,10,11,0,22,7,1.520 ,484
1,2640,0,0,51,12,2.273,0,2180,50,13,7.569,22650,0.661,7,7,3,0,16,17,0.821 ,256
1,240,0,2,30,12,2.638,0,1864,37,12,3.408,6985,0.781,12,7,14,0,6,6,0.970 ,36
1,1173,0,1,46,12,2.29,2.5,2068,46,12,6.54,30000,0.692,7,7,11,1,12,27,0.829 ,144
1,3640,0,0,58,12,1.099,0,2010,58,12,7.214,18500,0.692,7,3,9.5,1,32,15,0.094 ,1024
1,340,0,8,37,12,1.176,0,2152,40,10,6.273,16658,0.752,12,7,5,0,15,16,0.163 ,225
1,500,0,0,52,8,1.6,0,1496,54,11,5.882,10300,0.752,7,7,5,1,17,10,0.470 ,289
1,1599,0,0,52,10,1.876,2.8,2100,47,4,3.809,11000,0.752,7,3,7.5,0,34,8,0.629 ,1156
1,1830,0,0,31,16,4.044,4.2,1960,35,14,6.378,19900,0.692,12,12,7.5,1,9,13,1.397 ,81
1,1920,0,0,55,14,9.635,8.75,1985,55,15,6.045,32500,0.64,7,7,14,1,37,14,2.265 ,1369
1,2052,0,0,34,17,8.041,8.25,2020,33,17,8.812,37300,0.58,17,17,7.5,1,10,21,2.085 ,100
1,2312,0,0,55,14,4.599,5.58,2178,56,16,8.877,30018,0.581,17,7,11,1,35,19,1.526 ,1225
1,196,0,2,39,12,2.143,2.5,3684,39,12,3.342,12807,0.752,12,7,14,1,6,12,0.762 ,36
1,2500,0,3,40,14,4.4,5.5,5010,42,13,3.184,39500,0.552,14,3,7.5,0,19,29,1.482 ,361
1,1980,0,4,43,12,3.535,3.75,1880,47,12,6.915,22050,0.692,12,12,9.5,1,10,15,1.263 ,100
1,1840,0,0,48,8,2.717,4.8,1904,56,8,5.515,15500,0.721,7,7,14,1,11,10,1.000 ,121
1,320,0,0,47,12,6.25,6.25,2083,47,12,5.281,13810,0.721,7,7,9.5,1,15,12,1.833 ,225
1,419,0,4,41,12,11.933,6.3,2125,44,12,3.2,11950,0.752,7,7,5,1,12,7,2.479 ,144
1,1880,0,0,36,8,3.593,3.75,1985,37,12,5.879,19175,0.692,12,12,7.5,0,12,12,1.279 ,144
1,72,0,2,46,17,6.944,0,2640,48,17,6.25,17900,0.692,12,16,7.5,0,14,17,1.938 ,196
1,120,0,0,34,12,2.917,0,2070,51,8,7.488,15850,0.721,12,7,5,1,11,16,1.070 ,121
1,1885,0,3,41,12,3.077,2.9,2107,48,8,6.977,27017,0.692,7,7,5,1,9,21,1.124 ,81
1,240,0,1,51,12,3.75,0,2250,54,10,8,18900,0.692,12,7,5,0,24,18,1.322 ,576
1,1729,0,0,33,12,5.726,4.76,2880,34,16,4.132,21800,0.692,12,12,7.5,1,12,12,1.745 ,144
1,1850,0,0,52,12,3.676,3.4,1848,53,12,14.476,33552,0.552,10,10,7.5,1,13,27,1.302 ,169
1,2033,0,0,58,9,5.165,4.32,1927,53,7,5.734,22650,0.661,7,9,7.5,1,29,12,1.642 ,841
1,608,2,4,34,10,8.224,3,1304,38,9,3.374,15200,0.791,0,0,7.5,1,11,10,2.107 ,121
1,1153,0,1,31,12,4.337,4.52,3000,35,12,1.833,13120,0.721,7,10,7.5,1,13,8,1.467 ,169
1,2208,0,1,48,12,4.982,5.31,1892,52,12,5.602,21660,0.661,12,14,5,1,19,11,1.606 ,361
1,252,0,2,32,12,0.357,0,3644,32,12,4.298,18190,0.721,7,7,3,0,2,18,-1.030 ,4
1,337,0,0,49,17,2.967,0,1430,47,17,3.916,9600,0.752,3,3,14,1,24,9,1.088 ,576
1,90,2,2,32,15,1,0,2350,31,14,4.879,13755,0.752,10,12,7.5,1,9,14,0.000 ,81
1,1174,0,0,58,12,2.555,4.87,1948,59,16,9.24,35350,0.661,7,12,7.5,1,6,32,0.938 ,36
1,372,0,0,50,6,0.86,2.25,1804,42,12,6.652,12405,0.721,12,7,7.5,1,22,12,-0.151 ,484
1,30,0,0,60,14,1,0,2326,51,12,4.622,12180,0.752,12,17,9.5,0,30,12,0.000 ,900
1,1800,0,1,50,12,2.926,0,1739,55,11,9.974,22962,0.661,7,3,7.5,1,10,18,1.074 ,100
1,282,0,0,56,14,3.546,2.5,1176,57,17,20.918,25700,0.622,7,7,9.5,1,6,25,1.266 ,36
1,720,0,0,51,9,1.626,2.2,1100,55,8,1.94,3305,0.791,7,7,3,0,29,2,0.486 ,841
1,1440,0,1,54,17,8.333,6,1528,58,17,8.835,32950,0.581,7,12,5,1,29,21,2.120 ,841
1,2100,0,0,59,13,3.095,2.95,2250,52,15,4.667,17000,0.692,7,7,5,1,36,11,1.130 ,1296
1,1000,0,2,46,9,2.7,2.35,1927,47,10,5.189,13250,0.752,7,7,5,1,19,11,0.993 ,361
1,952,0,1,46,15,5.252,0,2414,47,16,18.724,50750,0.442,7,12,5,1,8,46,1.659 ,64
1,1413,1,3,39,12,1.415,2.2,768,49,8,10.417,15632,0.771,10,10,14,0,13,14,0.347 ,169
1,2100,0,2,44,12,4.799,4.85,1984,43,14,8.846,28316,0.622,7,0,11,1,16,18,1.568 ,256
1,120,2,0,33,12,1.667,2.37,2246,36,12,7.569,17290,0.721,12,12,9.5,1,11,17,0.511 ,121
1,3000,1,2,33,12,1.122,0,3024,30,17,4.451,33600,0.622,10,10,7.5,1,15,30,0.115 ,225
1,1000,0,2,48,12,0.5,0,2921,52,12,9.32,29200,0.622,12,7,9,1,6,29,-0.693 ,36
1,336,0,4,31,12,0.714,0,2045,37,17,9.169,19870,0.692,7,7,11,0,13,20,-0.336 ,169
1,1216,0,1,45,12,2.796,2.9,1928,44,12,6.483,16225,0.721,7,7,11,0,22,13,1.028 ,484
1,988,0,1,45,12,4.858,4.5,1920,44,10,7.813,28600,0.692,7,3,5,1,24,24,1.581 ,576
1,2581,0,2,32,13,1.743,2.6,2280,37,17,11.404,30800,0.581,14,12,7.5,1,2,26,0.556 ,4
1,2030,0,0,47,12,2.463,2.8,2300,47,17,5.087,25700,0.692,7,7,3,0,6,21,0.901 ,36
1,413,0,2,34,13,2.421,3,2480,35,13,6.976,27000,0.622,12,12,3,0,2,26,0.884 ,4
1,782,0,1,37,12,1.535,2.3,1135,34,10,5.286,12077,0.771,12,7,9.5,1,2,11,0.428 ,4
1,1388,0,1,36,12,2.882,1.87,1384,39,12,11.562,29612,0.661,7,7,11,0,14,26,1.058 ,196
1,1450,1,2,47,12,2.407,3,1848,50,14,8.606,24479,0.692,7,10,9.5,1,9,21,0.878 ,81
1,1720,0,1,48,16,5.233,4.68,2499,46,17,12.805,79750,0.442,14,14,7.5,1,11,71,1.655 ,121
1,800,0,2,42,12,3.75,2.5,2390,43,12,6.695,20050,0.692,12,7,11,0,9,17,1.322 ,81
1,360,0,3,33,13,1.389,0,2400,44,14,8.333,21500,0.692,10,12,11,1,6,21,0.329 ,36
1,2000,0,0,46,11,4,4.61,1920,53,8,4.167,16120,0.692,7,7,5,0,19,8,1.386 ,361
1,1176,0,3,47,12,3.231,3.35,2301,48,13,5.476,24686,0.721,7,7,9.5,0,26,21,1.173 ,676
1,2058,0,1,44,12,3.401,3.8,1944,43,10,5.144,24669,0.692,7,10,9.5,1,19,18,1.224 ,361
1,900,0,4,36,12,1.333,2.2,2100,37,17,11.667,26400,0.661,7,7,7.5,1,3,25,0.288 ,9
1,215,2,0,31,17,9.302,9.98,1920,32,16,7.292,16245,0.721,12,12,7.5,1,7,14,2.230 ,49
1,2000,0,0,55,14,4.5,4.37,2880,55,14,4.861,23300,0.661,7,7,9.5,1,28,14,1.504 ,784
1,757,0,1,45,16,4.623,4.5,1932,48,16,12.164,27200,0.622,12,7,9.5,1,13,24,1.531 ,169
1,1264,0,0,47,17,3.956,0,3234,48,17,10.823,51000,0.461,10,17,9.5,1,9,46,1.375 ,81
1,2064,0,3,46,12,5.814,6,2805,47,12,12.478,55000,0.461,10,7,14,1,15,43,1.760 ,225
1,1280,0,0,49,11,0.5,0,2272,52,9,6.162,15389,0.721,7,7,7.5,1,20,15,-0.693 ,400
1,1715,0,0,49,12,4.082,3.75,2227,52,14,7.185,23150,0.661,7,7,9.5,1,29,16,1.406 ,841
1,2000,0,2,45,12,6,4.95,1720,49,6,7.093,29774,0.622,7,10,14,1,9,18,1.792 ,81
1,12,1,3,38,17,3.667,0,2300,38,13,17.826,91044,0.442,12,10,14,1,1,91,1.299 ,1
1,1528,0,0,47,10,3.861,2.95,3410,50,12,6.393,28200,0.581,7,12,14,1,8,22,1.351 ,64
1,561,0,3,54,13,2.763,2.53,2304,57,16,11.719,36150,0.552,7,7,9.5,1,19,35,1.016 ,361
1,2058,0,0,41,11,2.931,2.9,1984,42,12,4.788,15652,0.721,12,12,7.5,0,23,10,1.075 ,529
1,1823,0,2,43,12,4.388,4.2,1890,33,14,4.233,18900,0.752,14,7,11,0,3,11,1.479 ,9
1,1680,1,1,31,16,5.417,4.7,1970,32,12,7.107,23600,0.661,12,10,7.5,0,13,14,1.689 ,169
1,1440,0,0,47,17,9.861,7.1,2400,46,12,8.333,36200,0.61,7,7,7.5,1,8,22,2.289 ,64
1,4950,0,2,35,12,0.162,2.75,2504,37,12,6.989,18700,0.692,10,10,7.5,0,17,18,-1.823 ,289
1,1176,0,3,45,16,0.383,3.75,2398,48,17,9.591,24125,0.661,7,7,11,1,4,24,-0.961 ,16
1,1100,1,0,33,12,3.636,3.58,1960,39,12,6.02,15800,0.721,7,7,7.5,0,15,12,1.291 ,225
1,1516,0,1,54,16,2.375,2.4,2550,55,12,2.969,19742,0.721,12,7,3,0,11,16,0.865 ,121
1,900,0,4,35,8,4.667,3.95,2500,41,12,7,22600,0.692,10,7,9.5,0,7,18,1.540 ,49
1,1080,1,2,31,12,1.852,2.25,2164,37,10,7.163,17500,0.721,7,7,7.5,0,0,15,0.616 ,0
1,480,0,0,55,12,5.2,0,2640,60,12,4.736,19820,0.692,7,7,7.5,0,0,17,1.649 ,0
1,288,0,2,34,12,3.299,4.62,1936,36,12,8.781,20155,0.692,12,16,11,1,10,19,1.193 ,100
1,1875,0,1,38,13,8.533,8.5,2136,41,12,9.832,37300,0.58,10,12,7.5,1,8,21,2.144 ,64
1,630,0,1,45,11,2.063,0,1955,51,10,6.65,24860,0.721,7,7,7.5,1,2,24,0.724 ,4
1,234,0,1,47,12,2.564,2.5,1980,48,10,9.849,21450,0.661,12,3,7.5,1,4,21,0.942 ,16
1,1600,0,2,39,12,2.188,0,2550,42,11,9.804,29650,0.622,7,7,5,1,6,26,0.783 ,36
1,960,1,0,36,14,6.25,0,2058,37,13,8.26,23000,0.661,7,7,11,1,18,17,1.833 ,324
1,120,1,2,33,12,3.333,0,2263,32,14,9.068,21120,0.692,7,7,9,1,3,21,1.204 ,9
1,2025,0,0,50,12,4.444,4.8,1763,54,13,8.508,26000,0.622,7,12,5,1,22,17,1.492 ,484
1,1809,0,0,58,12,6.634,6.45,2096,59,14,7.156,28000,0.622,3,7,7.5,1,33,16,1.892 ,1089
1,3087,0,0,49,17,8.422,9.98,2059,47,13,7.042,45500,0.52,12,12,11,1,28,20,2.131 ,784
1,910,0,2,41,14,4.396,0,1820,40,17,6.593,16000,0.721,16,12,14,1,23,12,1.481 ,529
1,1840,0,1,51,12,2.446,2.5,2832,53,8,4.346,18232,0.692,7,14,11,0,27,14,0.894 ,729
1,784,0,0,53,9,1.224,2.25,1990,60,10,7.236,28160,0.721,3,7,14,1,11,27,0.203 ,121
1,400,1,2,36,12,1.625,0,2000,40,7,1.74,5965,0.802,12,7,11,1,6,5,0.486 ,36
1,1000,0,2,46,12,3,5.5,1885,46,12,6.897,19000,0.721,7,7,9.5,1,11,16,1.099 ,121
1,1904,0,2,36,12,4.727,4.2,2860,37,12,5.045,36872,0.552,12,12,11,1,14,28,1.553 ,196
1,1771,0,1,53,14,1.129,9.98,1913,48,16,17.25,42000,0.491,12,12,14,1,17,40,0.122 ,289
1,1486,0,3,40,16,7.402,6.25,1800,54,16,8.333,26900,0.622,16,14,11,1,17,16,2.002 ,289
1,740,0,2,42,17,4.459,1.65,2880,45,16,9.375,30800,0.581,12,10,9,0,14,27,1.495 ,196
1,1820,1,1,33,15,2.473,0,1993,32,16,8.279,21520,0.692,12,12,11,1,11,17,0.905 ,121
1,1275,0,3,43,12,1.882,3,2250,47,14,4.5,24795,0.692,7,7,7.5,1,7,22,0.633 ,49
1,450,1,0,31,16,4,4,2286,30,16,4.2,12900,0.721,14,16,14,1,8,11,1.386 ,64
1,1221,0,0,47,17,8.19,5.99,1880,47,16,16.064,42700,0.491,7,7,7.5,1,6,33,2.103 ,36
1,1550,0,0,54,17,7.097,6,2350,58,17,11.277,38800,0.521,10,17,11,1,8,28,1.960 ,64
1,180,1,3,33,12,1.667,0,3640,33,11,0.549,2500,0.942,7,3,3,0,4,2,0.511 ,16
1,2090,0,0,43,16,3.445,3.85,1770,47,14,9.548,26921,0.622,14,10,11,1,25,20,1.237 ,625
1,1960,0,1,46,13,4.235,4.2,1875,49,13,5.333,18300,0.692,7,9,3,0,24,10,1.443 ,576
1,1440,0,3,35,12,2.778,4.1,2200,38,9,5.455,17200,0.721,7,7,14,1,11,13,1.022 ,121
1,794,0,3,37,11,1.889,3.85,2033,39,12,5.903,14209,0.752,12,3,9.5,1,19,13,0.636 ,361
1,993,0,2,37,16,5.035,8.3,2739,39,17,9.858,32300,0.581,12,16,14,1,9,27,1.616 ,81
1,160,0,3,34,14,1.25,0,1626,38,14,11.685,21400,0.721,17,12,7.5,1,19,21,0.223 ,361
1,105,1,0,43,16,2.857,0,2248,44,17,6.228,14700,0.721,7,7,9.5,0,14,14,1.050 ,196
1,1200,0,0,46,12,4.117,4.33,2140,48,12,9.175,25516,0.622,7,7,9.5,1,22,21,1.415 ,484
1,450,0,3,35,9,1.778,2.6,1985,42,12,6.297,13300,0.752,3,7,5,1,6,12,0.575 ,36
1,996,0,0,46,17,13.554,9.98,1528,59,17,10.471,31000,0.581,12,12,9.5,1,23,18,2.607 ,529
1,1052,0,0,46,14,4.563,4.9,1920,48,16,14.583,48800,0.491,7,3,11,1,15,44,1.518 ,225
1,1128,0,2,43,12,2.128,2.4,1918,46,10,6.214,15519,0.721,7,7,14,1,6,13,0.755 ,36
1,1840,0,0,30,12,2.989,3.75,2112,30,12,6.629,19500,0.692,7,7,7.5,0,11,14,1.095 ,121
1,1910,0,2,41,11,2.565,2.57,2144,46,9,3.825,14545,0.721,3,7,5,0,2,10,0.942 ,4
1,980,0,1,54,12,5.612,5,1920,54,15,7.813,22897,0.692,7,7,14,1,22,17,1.725 ,484
1,2317,0,1,31,12,2.805,3.87,2241,41,9,3.481,14300,0.721,10,10,7.5,1,10,8,1.032 ,100
1,1089,0,0,44,10,1.607,0,880,47,11,5.55,14884,0.752,10,10,9.5,1,14,13,0.474 ,196
1,800,0,1,32,12,2.25,0,2070,31,16,11.594,27400,0.622,12,7,11,1,12,26,0.811 ,144
1,1230,0,0,47,5,2.033,2.82,1050,53,5,9.524,16400,0.721,7,12,14,1,9,14,0.709 ,81
1,1158,0,1,46,17,5.532,8.1,2635,57,17,7.28,25704,0.622,14,17,7.5,0,13,19,1.711 ,169
1,2272,0,0,37,11,1.584,3.71,3000,47,8,3,12800,0.721,10,10,7.5,0,18,9,0.460 ,324
1,528,0,2,51,12,3.788,0,2500,50,11,10.4,40000,0.622,7,7,7.5,0,8,38,1.332 ,64
1,1000,0,1,49,12,3,0,1990,49,12,10.05,47000,0.661,7,7,14,1,11,44,1.099 ,121
1,520,0,4,36,14,8.654,0,2390,37,13,8.787,25872,0.661,10,12,9.5,1,9,21,2.158 ,81
1,760,0,1,39,11,4.21,3.95,1430,44,12,10.14,26868,0.692,12,7,9.5,1,9,24,1.438 ,81
1,1920,0,2,48,12,4.688,4.3,1800,50,8,5,18000,0.692,12,12,9.5,1,14,9,1.545 ,196
1,1220,0,2,38,14,4.098,4.84,2103,43,17,11.888,30200,0.581,7,7,5,1,9,25,1.411 ,81
1,200,0,2,40,12,25,3,1350,42,12,13.333,26220,0.661,7,7,7.5,1,2,21,3.219 ,4
1,2480,1,5,39,10,2.633,4.2,2880,36,17,8.681,40500,0.581,7,7,3,0,12,34,0.968 ,144
1,2750,0,0,37,16,6,9,2400,43,17,7.292,33570,0.61,12,7,7.5,1,15,17,1.792 ,225
1,2014,0,1,49,13,5.413,4.05,1135,47,12,3.524,16917,0.721,7,14,14,1,11,6,1.689 ,121
1,1355,0,3,33,12,0.664,1,2750,35,17,6.182,18000,0.721,12,7,9.5,0,7,17,-0.409 ,49
1,80,0,0,30,12,1.25,0,2085,32,16,2.976,8337,0.752,12,12,11,1,9,8,0.223 ,81
1,1670,0,0,54,12,2.275,2.1,2600,56,8,4.577,17100,0.721,12,7,9.5,0,19,13,0.822 ,361
1,520,0,4,39,11,3.461,3.05,3542,40,12,3.106,17800,0.752,10,7,11,0,11,16,1.242 ,121
1,288,0,3,43,12,4.167,3,1975,43,12,5.823,13740,0.752,12,12,14,1,8,13,1.427 ,64
1,2014,0,3,31,9,4.469,4.26,2400,32,12,7.5,27000,0.622,10,3,9.5,1,13,18,1.497 ,169
1,800,0,3,33,13,1.75,0,3000,37,14,8.333,32600,0.622,12,7,7.5,1,4,31,0.560 ,16
1,1984,0,3,40,12,3.669,4.25,1960,39,14,9.235,28030,0.661,12,12,14,1,7,21,1.300 ,49
1,1823,0,1,36,12,6.583,6,2000,39,9,5.5,23100,0.661,12,12,3,0,19,11,1.884 ,361
1,1500,0,0,51,12,2.6,2,3000,51,12,6,24580,0.661,7,7,9.5,1,14,21,0.956 ,196
1,2261,0,1,44,13,4.865,5.5,2400,43,12,6.667,29000,0.622,12,7,9.5,1,14,18,1.582 ,196
1,1728,0,3,42,16,5.787,6.25,2450,48,14,13.061,42430,0.521,12,14,9.5,1,3,32,1.756 ,9
1,1960,0,1,40,12,4.541,5,2423,40,8,12.794,41800,0.521,12,12,7.5,1,9,33,1.513 ,81
1,1578,1,1,34,16,9.506,7.72,2000,33,16,12,39100,0.58,12,17,9.5,1,7,24,2.252 ,49
1,1316,0,0,30,17,10.638,7,2526,41,16,6.73,31800,0.581,16,17,11,1,7,18,2.364 ,49
1,1530,0,0,54,12,1.111,1.13,2695,53,12,6.679,22200,0.692,7,7,14,0,14,21,0.105 ,196
1,2220,0,0,51,12,4.054,4.37,2048,54,12,4.394,19500,0.692,16,7,3,0,29,10,1.400 ,841
1,1336,0,2,44,9,2.687,2.64,1920,46,11,4.688,14027,0.752,7,10,11,0,19,10,0.988 ,361
1,1008,0,1,43,12,2.976,2.5,2338,42,9,7.699,21195,0.661,7,7,11,1,14,18,1.091 ,196
1,1944,0,1,34,12,3.173,3.23,2945,37,8,4.329,19013,0.692,10,7,7.5,0,16,13,1.155 ,256
1,2000,0,0,45,13,3.55,3.45,2047,52,12,6.742,20900,0.661,12,7,11,1,10,14,1.267 ,100
1,258,0,0,39,12,17.907,0,1668,47,7,9.352,26820,0.622,10,3,11,0,12,22,2.885 ,144
1,1785,0,0,50,12,3.417,5.75,175,48,10,9.143,12800,0.752,0,0,14,1,24,7,1.229 ,576
1,480,0,0,52,12,3.333,0,1798,53,12,2.642,7850,0.752,7,7,14,0,6,6,1.204 ,36
1,772,0,2,41,12,3.886,7.5,1222,45,12,7.365,18600,0.721,12,12,7.5,1,9,16,1.357 ,81
1,900,0,0,59,10,2.311,2.22,1820,59,7,1.407,5380,0.771,12,7,5,0,14,3,0.838 ,196
1,1428,0,0,52,12,1.711,2.5,1560,60,8,1.519,6114,0.771,10,7,14,0,26,4,0.537 ,676
1,210,0,0,46,16,2.114,4,2210,49,12,3.344,8234,0.752,12,12,14,0,7,8,0.749 ,49
1,239,1,5,41,12,9.933,4.5,2874,48,16,2.911,20646,0.721,3,7,11,1,4,18,2.296 ,16
1,1878,0,2,33,11,3.028,3.5,2499,35,8,4.383,16640,0.721,7,7,9.5,0,15,11,1.108 ,225
1,215,0,0,45,12,1.86,2.3,3088,38,12,4.21,13900,0.721,12,12,5,1,23,13,0.621 ,529
1,2340,1,2,36,10,0.128,0,2020,37,8,3.713,11500,0.781,10,7,7.5,0,1,11,-2.054 ,1
1,1960,0,1,48,12,6.633,6.3,1980,56,10,10.606,34000,0.552,7,7,14,1,29,21,1.892 ,841
1,532,0,1,47,12,5.639,3.6,1968,47,11,8.638,28700,0.661,7,3,11,1,9,26,1.730 ,81
1,394,0,0,45,12,1.599,2.5,2100,45,12,3.837,9563,0.752,7,7,7.5,0,6,9,0.469 ,36
1,675,0,2,37,12,2.667,3,2651,48,17,7.167,20960,0.692,7,7,7.5,0,11,19,0.981 ,121
1,1515,0,4,46,16,7.921,6.8,1918,49,14,8.863,38590,0.622,12,10,14,1,17,27,2.069 ,289
1,1030,0,3,43,17,5.34,5.8,2585,46,16,7.737,27900,0.661,12,12,5,1,6,22,1.675 ,36
1,1250,0,2,42,12,4,4,2250,46,17,9.17,25633,0.622,7,7,7.5,1,7,21,1.386 ,49
1,1158,1,2,34,17,6.045,5.1,2480,39,17,11.29,35200,0.552,12,12,7.5,1,2,28,1.799 ,4
1,112,0,0,52,12,6.25,0,2924,53,12,6.327,29500,0.581,7,7,7.5,1,24,29,1.833 ,576
1,336,0,3,37,12,2.976,2.2,1896,52,9,4.747,10000,0.752,10,7,7.5,0,4,9,1.091 ,16
1,1984,0,1,37,12,4.234,4.78,2332,40,12,4.889,19800,0.692,10,7,5,0,11,11,1.443 ,121
1,716,0,0,52,8,3.492,2.2,3482,59,7,2.484,12900,0.721,7,7,5,0,25,10,1.250 ,625
1,1410,1,0,30,12,4.964,1.28,2106,30,14,8.547,26080,0.622,12,12,7.5,0,11,19,1.602 ,121
1,1300,0,1,31,13,2.769,0,1160,32,12,6.638,13066,0.752,17,7,11,1,2,9,1.019 ,4
1,1640,0,1,38,12,3.658,3.25,2040,46,12,3.186,12500,0.721,7,7,7.5,0,19,7,1.297 ,361
1,1202,0,3,43,12,5.393,0,2856,48,16,4.547,35600,0.581,7,7,9,1,7,29,1.685 ,49
1,489,0,1,49,8,0.656,2.29,950,51,8,12.789,19424,0.752,7,7,5,1,2,19,-0.421 ,4
1,2076,0,0,55,12,4.769,4.68,2068,58,10,6.528,26250,0.661,7,7,5,1,20,16,1.562 ,400
1,526,0,2,38,17,8.555,4.2,1896,42,17,16.403,36525,0.552,12,14,9.5,1,10,32,2.147 ,100
1,1721,0,0,52,17,10.459,9.5,2000,56,16,7,34700,0.61,14,17,14,1,19,17,2.347 ,361
1,1327,0,0,48,12,2.638,2.57,288,51,11,13.542,8311,0.752,7,7,11,1,17,5,0.970 ,289
1,584,0,2,32,13,6.849,4.32,2160,33,12,6.713,28626,0.692,12,10,11,1,12,25,1.924 ,144
1,1376,0,1,32,12,5.087,5,3120,33,17,5.449,24400,0.661,7,7,5,1,11,17,1.627 ,121
1,1040,0,2,38,12,0.961,0,1944,41,17,6.687,14025,0.721,7,7,7.5,1,6,13,-0.039 ,36
1,548,0,3,46,12,4.307,3.69,2046,47,12,9.094,21367,0.692,16,12,14,1,10,19,1.460 ,100
1,15,0,3,40,12,7.067,0,2005,42,9,6.534,14136,0.752,7,7,7.5,0,4,14,1.955 ,16
1,1980,0,4,31,9,2.525,2.56,2070,36,10,4.686,19900,0.752,10,7,5,1,2,15,0.926 ,4
1,1520,0,1,43,10,7.895,5,3000,50,12,8,37000,0.521,12,9,9.5,1,13,25,2.066 ,169
1,1880,0,0,51,12,4.149,3.9,2640,51,12,4.053,18500,0.692,7,7,7.5,0,21,11,1.423 ,441
1,1260,1,0,30,16,8.175,8.17,2450,34,17,8.163,34550,0.552,16,14,5,1,9,24,2.101 ,81
1,1092,0,0,52,13,9.597,0,1000,53,15,16.5,49620,0.461,10,7,11,1,4,39,2.261 ,16
1,1587,1,5,30,8,2.016,2.3,2080,33,8,3.461,10400,0.781,3,3,7.5,0,2,7,0.701 ,4
1,156,0,0,51,16,7.622,0,2413,51,16,11.361,33000,0.552,16,16,11,1,19,32,2.031 ,361
1,1939,0,2,31,13,3.197,3.43,2570,31,12,3.891,16200,0.721,7,3,7.5,1,4,10,1.162 ,16
1,1250,0,4,34,12,1.6,1.36,2030,52,12,9.606,22660,0.692,12,16,7.5,1,9,21,0.470 ,81
1,610,0,0,49,11,4.098,4,4684,59,17,2.669,16000,0.721,7,7,7.5,1,14,13,1.411 ,196
1,270,1,3,35,13,1.482,5,2802,41,17,8.887,25780,0.661,7,16,9.5,1,6,25,0.393 ,36
1,660,1,0,53,12,3.636,3.15,2090,59,12,6.364,20675,0.721,7,12,7.5,1,24,18,1.291 ,576
1,1000,0,3,32,12,1,0,2053,46,16,17.728,40213,0.552,12,7,11,0,1,39,0.000 ,1
1,1920,0,3,38,10,2.604,2.93,1984,42,10,5.292,15500,0.721,12,7,7.5,1,13,10,0.957 ,169
1,200,0,0,54,12,1.75,0,2040,54,16,15.686,35207,0.581,7,12,9.5,1,3,35,0.560 ,9
1,1500,0,1,47,17,4.8,3.6,2794,58,8,5.242,35702,0.552,10,12,11,1,10,29,1.569 ,100
1,868,0,1,45,15,5.53,6,3290,47,14,3.039,17800,0.721,14,12,9.5,1,16,13,1.710 ,256
1,2318,0,1,47,16,4.098,4.2,1911,46,16,16.745,50900,0.491,16,16,5,1,9,41,1.411 ,81
1,2000,0,0,59,10,1.25,0,2000,60,12,3.75,17280,0.692,7,7,5,0,19,15,0.223 ,361
1,60,0,1,32,11,1.667,0,2580,31,12,5.814,15150,0.721,10,9,5,1,4,15,0.511 ,16
1,1715,0,1,45,12,3.79,3.38,2400,49,17,10.833,36200,0.581,7,7,7.5,1,10,30,1.332 ,100
1,550,0,4,40,12,2.364,2.26,1740,47,12,9.003,17465,0.721,14,12,5,1,5,16,0.860 ,25
1,1960,0,2,47,14,10.204,0,2500,50,12,6.54,45205,0.61,14,12,3,1,7,25,2.323 ,49
1,44,1,2,36,16,6.818,1.36,1840,37,17,5.978,14500,0.752,12,10,5,0,3,14,1.920 ,9
1,1920,0,0,56,14,7.215,6.92,2036,56,14,8.625,32011,0.581,7,7,7.5,0,38,18,1.976 ,1444
1,2540,0,1,41,8,2.448,0,3536,43,11,4.833,35200,0.622,7,12,9.5,0,16,29,0.895 ,256
1,156,0,3,48,7,1.199,0,880,51,11,10.909,13579,0.752,3,7,11,0,13,13,0.181 ,169
1,780,1,2,36,12,1.641,0,2007,38,12,3.886,10455,0.752,7,7,11,0,1,9,0.495 ,1
1,3120,0,0,41,12,1.782,0,2632,44,13,8.457,32600,0.552,7,3,5,0,7,27,0.578 ,49
1,2040,0,0,41,14,2.941,2.8,2600,43,12,5,19150,0.692,7,10,11,1,15,13,1.079 ,225
1,1610,0,3,36,12,4.969,4.25,2156,36,13,7.421,24400,0.661,12,17,9.5,1,10,16,1.603 ,100
1,215,0,3,37,12,1.86,0,3625,41,12,4.494,21700,0.692,10,7,3,0,2,21,0.621 ,4
1,1120,0,0,38,12,8.036,0,2420,42,12,7.025,26201,0.622,7,3,9.5,1,19,17,2.084 ,361
1,846,0,2,43,14,3.972,4.2,2080,43,9,3.279,11920,0.752,3,3,7.5,1,25,9,1.379 ,625
1,3225,0,0,54,16,3.042,0,3443,59,17,1.286,16300,0.721,12,12,9.5,1,25,6,1.112 ,625
1,1376,0,1,38,12,2.907,3.75,2250,41,12,5.556,16500,0.721,7,7,5,1,7,12,1.067 ,49
1,980,1,0,30,12,3.061,3.6,2535,34,16,7.495,30000,0.581,12,7,11,1,15,27,1.119 ,225
1,1838,0,0,49,12,4.897,5,2352,48,15,22.109,62500,0.442,7,7,9.5,1,11,54,1.589 ,121
1,1494,0,1,45,13,4.016,2.5,3036,49,6,9.058,58500,0.442,10,10,9.5,1,25,52,1.390 ,625
1,450,0,0,51,13,5.556,3.5,2600,57,14,11.538,40900,0.521,7,7,9.5,1,19,38,1.715 ,361
1,1976,0,0,34,10,1.223,2.45,2223,39,7,6.047,16308,0.692,0,10,7.5,1,4,14,0.201 ,16
1,2012,0,2,34,12,2.684,3.61,2666,34,10,1.365,9300,0.752,7,7,7.5,1,14,4,0.987 ,196
1,561,0,1,41,12,2.674,3.25,2006,41,17,16.55,35700,0.552,10,9,7.5,1,19,34,0.984 ,361
1,1715,0,1,49,12,9.329,7.05,1710,49,17,8.772,35700,0.64,9,9,11,1,18,20,2.233 ,324
1,1912,0,0,32,12,3.138,3.6,1920,46,14,9.635,24500,0.661,12,12,5,1,14,18,1.144 ,196
1,3686,0,0,32,14,0.543,0,1647,39,14,6.679,13000,0.721,12,12,7.5,1,11,11,-0.611 ,121
1,1080,0,2,32,17,8.611,4.65,3080,35,15,7.573,52600,0.442,12,12,5,0,4,43,2.153 ,16
1,1799,0,0,47,10,3.669,3.25,1920,48,10,7.813,25360,0.661,3,7,7.5,1,29,19,1.300 ,841
1,1984,0,1,39,9,2.319,2.3,2420,47,4,1.984,9400,0.752,9,9,7.5,0,21,5,0.841 ,441
1,1839,0,0,49,12,2.882,3.27,2205,53,15,9.524,26800,0.622,12,12,11,1,24,22,1.058 ,576
1,1579,0,3,37,12,3.167,0,3035,39,14,6.425,33040,0.661,12,7,7.5,1,19,28,1.153 ,361
1,96,0,0,59,16,3.646,0,2185,60,15,10.984,26350,0.622,14,12,7.5,1,31,26,1.294 ,961
1,1920,0,0,50,12,6.25,5.47,1880,56,12,12.766,39000,0.521,7,7,14,1,28,27,1.833 ,784
1,1688,0,1,32,17,10.249,9.8,1863,33,17,9.554,35100,0.61,12,12,9.5,1,15,18,2.327 ,225
1,1589,0,0,46,12,3.21,5.54,2456,48,16,5.497,22502,0.661,12,12,11,0,27,17,1.166 ,729
1,345,0,2,43,17,7.652,5,1847,46,17,9.762,21950,0.692,12,14,14,0,13,19,2.035 ,169
1,1521,0,3,37,11,1.972,2.3,2000,42,6,5,13000,0.752,7,7,7.5,0,4,10,0.679 ,16
1,1490,0,2,32,16,4.698,3.9,1856,35,14,5.999,18180,0.721,12,14,9,1,10,11,1.547 ,100
1,989,0,1,39,11,2.123,2.76,1880,43,14,6.915,20957,0.692,10,10,9,1,8,19,0.753 ,64
1,600,0,2,34,13,2.333,2.9,3020,35,12,4.967,13700,0.721,12,12,7.5,0,4,12,0.847 ,16
1,2646,0,1,39,11,2.39,0,2646,41,8,2.39,20000,0.692,7,7,5,1,18,14,0.871 ,324
1,2149,0,3,45,8,1.256,2.5,1640,48,9,4.512,12260,0.752,7,7,5,1,3,10,0.228 ,9
1,320,0,0,50,11,1.094,0,1950,54,11,9.231,24850,0.661,3,12,7.5,1,11,24,0.090 ,121
1,1600,0,1,40,12,3.75,3.3,1920,39,12,11.458,29150,0.581,12,7,7.5,1,8,23,1.322 ,64
1,2419,0,1,30,10,3.307,3.9,2025,34,12,7.699,23591,0.661,7,7,11,1,10,16,1.196 ,100
1,2005,0,0,57,17,5.135,5.25,2470,56,17,4.183,24717,0.661,16,12,11,1,33,14,1.636 ,1089
1,1960,0,1,39,12,6.633,3.6,1800,43,12,8.333,30455,0.622,12,12,9,1,19,17,1.892 ,361
1,2147,0,0,53,12,4.564,4.9,1920,56,8,5.104,19600,0.692,12,12,7.5,1,35,10,1.518 ,1225
1,1207,0,1,48,17,11.848,7.15,2039,53,17,8.227,31875,0.64,7,12,5,1,21,18,2.472 ,441
1,2000,0,1,46,14,3.75,3.75,2570,48,16,5.663,24055,0.661,14,14,7.5,0,7,17,1.322 ,49
1,1260,0,0,47,12,4.365,4.35,1914,54,12,5.222,18795,0.721,7,10,7.5,0,18,13,1.474 ,324
1,90,0,1,43,12,3.933,4,1516,47,10,7.19,12198,0.752,7,7,7.5,0,4,12,1.369 ,16
1,1800,0,0,47,12,3.333,3.25,2520,47,16,13.907,52645,0.491,12,7,7.5,1,12,47,1.204 ,144
1,573,0,1,47,12,3.316,2.2,2327,48,12,6.016,16600,0.721,10,7,14,0,16,15,1.199 ,256
1,1825,0,0,47,12,3.562,3,2188,50,12,7.678,32590,0.622,7,7,7.5,1,14,26,1.270 ,196
1,75,0,0,46,12,1.6,0,1864,48,12,5.311,10020,0.752,3,7,7.5,1,3,10,0.470 ,9
1,1348,0,4,34,9,2.226,2.3,2183,33,10,4.123,12048,0.752,7,7,11,0,1,9,0.800 ,1
1,1880,0,0,48,10,4.787,4.25,1920,55,12,7.813,39750,0.622,7,7,11,0,27,31,1.566 ,729
1,1240,0,1,30,12,5.806,6.9,1824,31,12,4.605,15700,0.721,10,7,7.5,1,12,8,1.759 ,144
1,848,0,1,51,12,2.359,2.3,2878,54,12,3.975,24250,0.661,7,7,3,0,6,22,0.858 ,36
1,150,0,5,52,12,2,0,2390,54,16,15.063,43210,0.521,7,12,14,1,9,43,0.693 ,81
1,2000,0,2,37,12,1.9,1.85,3120,39,13,4.506,37100,0.622,12,12,5,0,2,33,0.642 ,4
1,1952,0,2,32,12,5.123,3.25,2040,33,12,5.882,23820,0.661,12,7,5,0,6,14,1.634 ,36
1,1456,0,2,36,17,5.495,6.04,2151,35,15,10.228,31600,0.581,12,14,5,1,9,24,1.704 ,81
1,1740,0,2,35,12,6.322,5.5,1976,37,14,6.579,24000,0.661,10,10,7.5,1,16,13,1.844 ,256
1,1400,0,0,45,17,7.143,7.14,2286,51,16,8.814,30750,0.581,14,12,5,0,22,21,1.966 ,484
1,2000,0,0,56,12,2.375,2.7,2032,60,10,2.953,11050,0.752,7,7,14,0,26,6,0.865 ,676
1,1750,0,2,40,10,2.543,2.74,1680,45,4,4.517,12239,0.752,7,7,14,0,11,8,0.933 ,121
1,1101,1,2,45,12,2.18,2.3,1560,49,14,5.128,12870,0.752,14,12,7.5,1,11,10,0.779 ,121
1,2000,0,2,32,12,2.6,2.5,2895,30,12,4.145,17200,0.721,10,7,7.5,0,15,12,0.956 ,225
1,1877,0,0,45,12,3.729,3.6,1820,50,8,8.791,23980,0.661,10,10,7.5,0,13,17,1.316 ,169
1,160,0,2,40,12,4.375,1.85,2450,44,12,7.306,18600,0.692,7,12,14,1,6,18,1.476 ,36
1,1886,0,1,38,12,4.443,4,1748,42,8,6.007,23920,0.692,7,10,9.5,1,20,16,1.491 ,400
1,1446,0,4,49,12,4.288,4.4,1020,45,12,8.333,16084,0.752,7,7,14,1,17,10,1.456 ,289
1,1500,0,1,47,16,1.667,1.5,2342,49,17,11.529,31100,0.581,14,14,11,1,8,29,0.511 ,64
1,860,0,0,52,13,3.256,5.83,2250,53,12,6.667,20460,0.661,7,7,11,1,13,18,1.180 ,169
1,1848,0,1,34,13,5.411,6,2880,40,16,8.681,36000,0.552,12,12,7.5,1,15,26,1.688 ,225
1,1678,0,2,44,12,2.205,2.3,2032,46,12,3.468,17302,0.721,14,12,3,0,14,14,0.791 ,196
1,160,0,3,36,16,4.063,0,3120,42,16,3.032,16450,0.721,14,7,3,0,14,16,1.402 ,196
1,108,0,0,50,17,0.648,0,1760,57,16,13.807,41170,0.581,14,16,9.5,1,6,41,-0.434 ,36
1,1738,0,0,45,12,5.383,6.18,1725,47,12,6.217,20130,0.661,0,0,7.5,1,24,11,1.683 ,576
1,1170,0,2,44,14,0.171,0,2080,46,13,4.231,9200,0.752,16,12,9.5,1,10,9,-1.767 ,100
1,15,0,2,57,12,23.467,0,2040,57,10,11.47,24751,0.661,7,7,11,1,2,24,3.156 ,4
1,2088,0,0,35,17,9.578,9.98,2940,42,17,12.245,57300,0.5,12,17,9.5,1,9,37,2.260 ,81
1,2490,0,0,46,12,3.695,3.77,2280,52,12,9.21,37200,0.581,7,7,7.5,1,23,28,1.307 ,529
1,135,2,1,30,14,2.222,0,2164,35,16,6.331,14000,0.721,10,12,14,1,12,14,0.798 ,144
1,1944,0,3,42,12,1.749,2.3,1999,44,12,7.804,20610,0.692,7,3,14,0,8,17,0.559 ,64
1,690,0,1,34,12,1.159,2.25,1824,36,13,7.675,14800,0.721,10,7,7.5,1,16,14,0.148 ,256
1,608,0,2,45,17,6.99,3,2182,47,16,15.582,40005,0.552,10,14,14,1,10,36,1.944 ,100
1,63,1,2,35,16,3.968,0,2385,37,16,9.644,23750,0.661,14,7,14,1,7,24,1.378 ,49
1,154,0,0,40,16,21.429,8.13,2460,44,17,12.886,35300,0.552,7,12,14,1,19,32,3.065 ,361
1,420,0,1,32,12,0.476,2.85,2595,35,16,6.551,17350,0.692,12,12,7.5,1,2,17,-0.742 ,4
1,651,0,0,54,9,2.151,1.44,2400,57,10,8.25,21650,0.661,7,7,7.5,1,9,20,0.766 ,81
1,675,0,3,38,12,1.858,2.2,3120,42,8,1.379,6740,0.791,7,7,14,0,14,5,0.619 ,196
1,1663,0,3,43,12,4.33,3.6,2850,42,12,5.263,32275,0.692,12,14,5,1,9,25,1.465 ,81
1,1680,0,0,54,16,8.929,7,760,60,12,10.526,33220,0.72,14,7,9.5,1,16,18,2.189 ,256
1,180,0,3,39,14,2.778,4,2500,37,17,10,26500,0.622,12,12,7.5,1,7,26,1.022 ,49
1,1581,0,1,37,12,2.657,3.25,2630,39,14,12.548,38700,0.521,7,12,5,1,6,35,0.977 ,36
1,1200,0,2,46,12,2.5,3.08,2597,48,8,4.621,15400,0.721,7,7,5,1,22,12,0.916 ,484
1,450,0,0,56,11,18.267,0,2760,60,11,1.854,19007,0.692,7,7,3,0,9,11,2.905 ,81
1,547,0,3,41,12,0.819,2,2070,44,8,7.427,16771,0.721,12,7,7.5,0,9,16,-0.200 ,81
1,300,0,1,45,16,2,0,2256,48,16,13.298,31100,0.581,16,7,11,1,14,31,0.693 ,196
1,975,0,1,44,17,15.385,8.5,1505,47,16,26.578,66300,0.5,3,3,7.5,1,17,51,2.733 ,289
1,1621,0,1,50,17,6.477,0,2364,52,17,13.959,43550,0.491,16,12,5,0,12,33,1.868 ,144
1,300,0,5,37,14,8.333,3.5,2895,38,14,13.126,37250,0.622,7,7,11,0,13,35,2.120 ,169
1,1868,0,1,44,12,4.55,4.25,2041,46,12,7.888,24900,0.661,16,7,14,0,8,16,1.515 ,64
1,1803,0,2,32,14,2.496,1.9,2195,34,17,8.656,24200,0.661,7,14,9.5,1,10,20,0.915 ,100
1,2143,1,1,34,12,4.48,4.8,1935,40,12,3.411,16200,0.721,10,10,14,0,16,7,1.500 ,256
1,1080,0,2,32,10,2.232,2.3,1950,35,10,4.626,11431,0.752,10,10,7.5,0,1,9,0.803 ,1
1,1352,0,3,37,12,2.071,1.8,2375,38,14,4.21,13200,0.752,10,10,11,0,6,10,0.728 ,36
1,537,0,1,44,13,1.676,0,1920,55,8,4.271,15420,0.771,10,10,9,1,4,15,0.516 ,16
1,352,0,2,34,16,3.409,0,3300,33,12,3.342,18400,0.692,12,12,14,0,8,17,1.226 ,64
1,200,1,3,33,12,2.5,8,3680,33,16,8.636,43500,0.491,10,3,5,1,4,43,0.916 ,16
1,2045,0,3,43,7,3.961,4.07,1968,43,12,6.758,21972,0.692,7,7,7.5,1,15,14,1.376 ,225
1,1253,0,2,35,16,6.227,3.97,2504,33,10,0.584,7774,0.771,16,16,11,0,7,0,1.829 ,49
1,1960,0,1,43,14,3.929,3.85,2000,45,14,5.335,24470,0.692,7,7,7.5,0,14,17,1.368 ,196
1,2000,0,0,34,12,2.9,2.5,1656,37,12,4.71,13600,0.721,7,7,7.5,0,16,8,1.065 ,256
1,1960,0,3,36,10,4.082,4.55,1968,39,7,4.98,22500,0.721,7,0,7.5,0,15,15,1.406 ,225
1,2000,0,2,41,12,2.85,4.2,2016,41,12,2.976,13600,0.721,7,7,14,0,23,8,1.047 ,529
1,1568,0,0,41,16,7.015,6.31,2602,44,17,12.744,90800,0.442,7,7,7.5,0,19,80,1.948 ,361
1,1225,0,3,35,10,2.939,2.4,1560,43,9,3.846,10776,0.752,10,10,7.5,0,4,7,1.078 ,16
1,780,1,3,32,12,1.923,3.25,1827,37,10,7.223,19007,0.752,10,7,5,1,12,18,0.654 ,144
1,480,0,0,30,14,6.875,0,2080,34,14,8.808,23900,0.661,12,12,14,1,12,21,1.928 ,144
1,1923,0,0,43,12,3.9,4.74,3390,47,12,5.386,26060,0.622,7,7,7.5,1,25,19,1.361 ,625
1,2000,0,0,54,6,2,0,2524,57,6,3.685,13300,0.721,7,7,7.5,0,14,9,0.693 ,196
1,2110,0,2,35,15,4.976,4.37,2777,34,12,1.844,15620,0.721,7,7,7.5,0,14,5,1.605 ,196
1,1664,0,0,50,12,1.202,5,3120,54,13,1.301,16500,0.721,7,7,7.5,0,11,15,0.184 ,121
1,48,1,1,34,17,22.5,0,2700,36,17,7.222,20880,0.692,14,16,5,1,7,20,3.114 ,49
1,1791,0,0,52,14,6.868,6.18,1904,57,12,7.353,30600,0.661,14,12,9.5,1,18,18,1.927 ,324
1,1404,0,3,35,13,3.561,5.3,2360,38,14,11.864,39000,0.622,7,10,9,1,4,34,1.270 ,16
1,1920,0,0,55,6,1.979,2.58,1960,58,8,5.333,15428,0.721,7,7,7.5,0,37,12,0.683 ,1369
1,2141,0,0,35,16,5.371,6,2000,42,16,5.5,23300,0.661,7,7,7.5,0,13,12,1.681 ,169
1,1720,0,1,49,14,1.744,0,2600,45,16,7.231,42100,0.521,16,16,9.5,1,14,39,0.556 ,196
1,3533,2,2,38,15,5.095,8.5,2000,38,9,7,36430,0.64,12,7,9.5,1,17,18,1.628 ,289
1,2000,0,2,42,14,2.5,0,2218,45,14,7.214,26000,0.692,7,7,9.5,1,5,21,0.916 ,25
1,800,0,1,48,8,3.825,2.3,2000,52,5,4.5,62060,0.752,7,7,7.5,0,2,59,1.342 ,4
1,3000,0,0,51,14,1,0,2595,53,16,8.863,28300,0.622,12,12,9.5,1,0,25,0.000 ,0
1,293,0,2,43,12,3.072,4,2400,47,12,9.333,24149,0.661,12,10,7.5,1,3,23,1.122 ,9
1,1872,0,1,43,12,1.716,0,2856,48,12,3.826,28141,0.661,12,10,7.5,1,21,25,0.540 ,441
1,2058,0,1,38,12,4.021,4,2601,38,14,5.445,23057,0.661,10,10,7.5,1,20,15,1.392 ,400
1,1832,0,1,44,12,5.458,4.95,2054,48,9,8.763,28900,0.622,3,7,7.5,1,19,19,1.697 ,361
1,120,1,3,36,12,25,9.98,2500,35,12,8.4,24000,0.661,12,10,9.5,1,4,21,3.219 ,16
1,1632,0,0,38,12,2.39,2.3,1960,31,12,5.102,13900,0.721,12,12,7.5,0,19,10,0.871 ,361
1,778,0,0,47,8,3.213,7.25,2058,51,8,7.41,31810,0.692,12,12,5,1,11,29,1.167 ,121
1,1984,0,2,34,12,3.377,3.14,2410,49,10,5.353,19840,0.692,7,7,7.5,0,14,13,1.217 ,196
1,225,1,2,40,17,1.778,0,1278,38,17,19.562,25490,0.661,16,17,14,1,8,25,0.575 ,64
1,1960,0,1,31,12,3.163,3.18,2875,35,12,5.078,20800,0.692,12,12,7.5,0,13,15,1.152 ,169
1,444,0,0,46,12,2.703,0,2340,49,12,0.513,2400,0.802,10,16,7.5,1,24,1,0.994 ,576
1,384,0,3,36,14,1.693,0,3060,43,17,5.402,32650,0.581,10,10,14,1,1,32,0.526 ,1
1,1170,1,2,39,13,0.214,0,1920,47,12,7.865,16370,0.721,12,16,11,1,1,16,-1.543 ,1
1,1330,0,2,36,17,6.767,4.5,3390,38,12,6.053,35500,0.552,7,7,14,0,3,27,1.912 ,9
1,1350,0,4,37,8,1.741,2.1,2400,41,12,5,15100,0.752,7,7,3,0,4,13,0.554 ,16
1,480,0,4,39,12,2.5,0,1640,40,11,7.683,14100,0.752,7,9,3,0,21,13,0.916 ,441
1,1984,1,3,36,11,4.486,3.26,1656,38,8,6.039,19600,0.721,7,3,14,0,10,11,1.501 ,100
1,1944,0,2,49,12,2.572,2.7,1920,53,16,5.851,19434,0.721,7,7,5,1,13,14,0.945 ,169
1,50,1,1,45,12,3.46,5,1780,46,10,6.742,23882,0.721,7,7,9.5,1,9,24,1.241 ,81
1,460,2,0,32,17,4.783,0,1850,31,17,8.108,17300,0.721,7,7,7.5,0,14,15,1.565 ,196
1,680,0,5,36,10,2.312,0,3430,43,12,5.306,19772,0.721,7,7,7.5,0,2,18,0.838 ,4
1,2450,0,1,40,12,5.306,6.5,2008,40,8,7.271,35641,0.622,7,7,5,1,21,23,1.669 ,441
1,2144,0,2,43,13,5.867,0,2140,43,11,8.178,34220,0.581,7,7,7.5,1,22,22,1.769 ,484
1,1760,0,1,33,12,3.409,3.21,3380,34,12,7.101,30000,0.581,12,16,11,1,14,24,1.226 ,196
1,490,0,1,30,12,4.082,2.46,2430,33,11,6.584,18000,0.692,12,12,7.5,1,7,16,1.406 ,49
0,0,0,1,49,12,,0,2550,54,15,7.853,21025,0.661,14,12,7.5,1,2,21,,4
0,0,2,0,30,16,,0,1928,34,16,11.929,23600,0.661,14,7,9.5,1,5,24,,25
0,0,1,0,30,12,,0,1100,39,17,18,22800,0.661,12,12,7.5,0,12,23,,144
0,0,0,4,41,12,,0,3193,40,16,10.022,35910,0.581,7,7,7.5,1,1,36,,1
0,0,0,1,45,12,,0,2250,46,16,9.333,21700,0.661,7,7,5,1,12,22,,144
0,0,0,5,43,12,,0,2012,44,13,6.085,21823,0.752,7,7,7.5,1,4,22,,16
0,0,0,1,42,13,,0,3856,46,15,5.705,31000,0.661,10,7,11,1,9,31,,81
0,0,0,0,60,12,,0,1645,58,12,9.118,15300,0.721,7,7,7.5,1,9,15,,81
0,0,0,0,57,12,,0,1554,57,12,7.207,12925,0.721,9,3,7.5,1,6,13,,36
0,0,0,2,38,10,,0,2352,41,8,5.315,15830,0.752,12,7,5,0,5,16,,25
0,0,0,0,56,12,,0,1980,58,12,8.283,30200,0.692,12,12,7.5,1,5,30,,25
0,0,0,3,32,12,,0,2352,37,7,7.058,16600,0.721,10,7,5,0,8,17,,64
0,0,0,1,49,7,,0,1784,58,6,6.166,11000,0.752,7,7,7.5,1,2,11,,4
0,0,0,0,55,12,,0,2500,58,12,2.7,15000,0.721,7,10,3,0,6,15,,36
0,0,1,1,36,9,,0,2088,39,14,7.663,20528,0.721,7,7,11,0,0,21,,0
0,0,0,3,44,12,,0,4640,50,12,1.849,13126,0.752,9,9,14,0,3,13,,9
0,0,0,1,44,10,,0,3900,60,12,3.846,15550,0.721,7,14,7.5,1,7,16,,49
0,0,1,2,35,14,,0,1988,34,17,9.054,18010,0.721,3,12,7.5,1,3,18,,9
0,0,2,3,44,14,,0,1920,45,10,9.375,18874,0.721,10,10,14,0,10,19,,100
0,0,0,1,45,12,,0,2400,45,12,8.333,24800,0.661,12,12,14,1,3,25,,9
0,0,1,0,34,12,,0,1867,38,12,9.373,17500,0.692,12,17,5,1,2,18,,4
0,0,2,0,30,17,,0,3570,32,17,4.482,16150,0.721,12,12,7.5,1,12,16,,144
0,0,0,1,39,8,,0,2805,44,12,5.348,15189,0.721,7,3,3,0,15,15,,225
0,0,0,2,36,12,,0,1110,39,15,3.203,6000,0.781,7,7,14,0,5,6,,25
0,0,0,2,38,17,,0,2695,42,16,12.801,37250,0.552,10,12,9.5,1,4,37,,16
0,0,0,0,53,12,,0,1950,54,16,6.91,27760,0.622,10,10,7.5,1,10,28,,100
0,0,0,2,36,12,,0,2128,42,12,4.229,9090,0.771,7,7,3,0,1,9,,1
0,0,1,1,32,12,,0,3260,31,12,4.448,14500,0.721,12,7,7.5,1,8,15,,64
0,0,0,3,51,9,,0,1987,51,12,8.052,19700,0.721,7,7,14,1,20,20,,400
0,0,0,0,38,11,,0,2185,46,11,7.506,16788,0.692,10,7,14,1,4,17,,16
0,0,2,0,33,12,,0,2475,36,12,7.475,18520,0.692,10,10,11,1,7,19,,49
0,0,0,0,54,12,,0,2610,53,12,6.322,20950,0.692,16,10,9.5,1,10,21,,100
0,0,0,3,38,9,,0,1920,44,12,2.135,7574,0.802,7,3,11,0,3,8,,9
0,0,2,2,30,11,,0,2352,31,14,4.209,10027,0.771,7,7,3,0,5,10,,25
0,0,2,3,34,12,,0,3160,30,12,0.76,5000,0.942,12,12,7.5,0,10,5,,100
0,0,0,1,34,9,,0,1040,37,13,4.808,7040,0.791,12,7,3,0,0,7,,0
0,0,0,2,50,12,,0,3120,49,12,12.788,40800,0.521,10,7,7.5,1,3,41,,9
0,0,2,0,30,17,,0,2240,30,16,7.143,16050,0.721,12,12,11,0,10,16,,100
0,0,0,2,38,12,,0,1980,42,16,15.152,33100,0.581,10,7,11,1,2,33,,4
0,0,0,0,54,14,,0,1960,58,14,7.908,33856,0.721,12,12,9.5,1,10,34,,100
0,0,1,2,30,12,,3,2940,31,17,6.973,20500,0.692,12,12,7.5,1,4,21,,16
0,0,0,0,55,12,,0,2467,56,11,4.918,28600,0.581,7,7,5,1,0,29,,0
0,0,0,1,51,10,,0,2256,56,12,8.311,18750,0.692,10,10,11,0,10,19,,100
0,0,0,1,44,12,,0,1680,46,12,7.143,20300,0.721,7,7,9.5,1,5,20,,25
0,0,0,0,53,12,,0,2250,55,12,5.689,13420,0.721,7,7,5,0,0,13,,0
0,0,0,2,42,10,,0,2400,49,9,7.083,18400,0.721,3,3,5,0,0,18,,0
0,0,0,2,38,12,,0,2196,42,11,5.692,16682,0.721,10,7,7.5,0,19,17,,361
0,0,1,3,38,13,,0,2400,40,12,11.4,32685,0.622,7,7,7.5,1,2,33,,4
0,0,1,4,41,12,,0,3825,41,11,1.415,7050,0.802,3,3,9.5,1,12,7,,144
0,0,0,3,35,8,,0,2860,44,9,2.751,10867,0.781,12,7,9.5,1,5,11,,25
0,0,1,2,33,12,,2.75,2750,34,12,6.618,18220,0.721,12,12,9.5,1,5,18,,25
0,0,0,0,48,13,,0,2103,50,16,9.273,26613,0.692,7,7,7.5,0,5,27,,25
0,0,0,0,47,12,,0,1880,51,12,12.287,25000,0.622,12,10,7.5,1,10,25,,100
0,0,0,5,34,12,,0,3185,41,13,2.855,15700,0.752,7,7,7.5,1,0,16,,0
0,0,2,1,33,13,,0,2677,37,17,7.971,40250,0.521,12,10,5,1,4,40,,16
0,0,3,1,31,13,,0,3600,36,17,19.444,73600,0.442,12,16,11,0,3,74,,9
0,0,0,0,58,8,,0,4334,58,8,1.481,10592,0.752,12,7,7.5,1,2,11,,4
0,0,0,0,49,12,,0,2874,52,8,1.892,8000,0.752,7,7,3,0,1,8,,1
0,0,0,1,55,8,,0,1936,56,9,6.922,13400,0.721,7,3,7.5,1,0,13,,0
0,0,0,0,44,14,,1.5,1964,49,8,10.692,23700,0.661,12,12,14,1,1,24,,1
0,0,0,0,44,9,,0,1900,48,8,9.947,18900,0.692,7,7,11,1,1,19,,1
0,0,0,3,36,16,,0,2500,37,17,19,48300,0.461,7,12,9.5,1,6,48,,36
0,0,0,3,38,12,,0,3173,46,14,7.488,24470,0.661,14,14,9.5,1,12,24,,144
0,0,0,3,37,16,,0,2916,38,17,9.259,28630,0.622,16,7,7.5,1,6,29,,36
0,0,0,0,47,12,,0,2208,51,12,11.322,25320,0.622,12,7,5,1,9,25,,81
0,0,0,3,47,12,,0,2094,47,10,6.447,13530,0.752,12,10,7.5,1,14,14,,196
0,0,1,1,32,12,,0,2250,33,12,6.578,14800,0.721,7,7,9,1,13,15,,169
0,0,1,2,43,12,,0,2000,46,12,6.1,17400,0.752,12,7,7.5,0,8,17,,64
0,0,1,4,42,11,,0,2600,48,10,4.231,15980,0.781,10,10,3,0,0,16,,0
0,0,0,0,56,12,,0,4368,57,8,2.217,16576,0.721,7,7,7.5,0,1,17,,1
0,0,0,5,38,13,,2.25,3068,40,16,6.519,21850,0.692,12,7,11,1,3,22,,9
0,0,0,2,52,12,,0,2218,51,11,6.492,14600,0.721,7,7,14,1,13,15,,169
0,0,0,0,50,12,,0,1848,56,12,11.364,21600,0.661,12,12,7.5,1,3,22,,9
0,0,0,0,33,16,,0,2430,33,17,9.877,24000,0.661,12,12,7.5,1,8,24,,64
0,0,0,2,44,16,,0,2640,44,17,7.658,20883,0.692,7,7,7.5,1,8,21,,64
0,0,0,1,41,12,,0,2108,42,16,8.302,19500,0.692,7,7,14,0,18,20,,324
0,0,0,1,45,12,,0,1998,45,12,14.114,42800,0.622,14,12,11,1,2,43,,4
0,0,0,0,53,14,,0,2500,55,16,16,41500,0.521,7,7,7.5,0,3,42,,9
0,0,0,0,53,14,,0,1665,56,17,11.291,18965,0.692,12,12,14,1,5,19,,25
0,0,0,1,42,12,,0,2990,46,12,2.339,16100,0.721,12,10,9.5,1,2,16,,4
0,0,2,0,32,13,,0,1795,35,16,7.799,14700,0.721,12,17,7.5,1,10,15,,100
0,0,0,0,56,12,,0,2500,53,12,6,18800,0.721,7,7,7.5,1,30,19,,900
0,0,1,3,37,11,,0,2205,40,11,6.689,14750,0.752,10,7,11,1,1,15,,1
0,0,1,2,40,12,,0,2460,42,14,8.537,21000,0.692,12,7,14,1,5,21,,25
0,0,0,3,54,15,,0,1880,55,16,13.83,35400,0.622,0,7,7.5,1,8,35,,64
0,0,0,0,53,7,,0,3481,53,9,1.48,10700,0.752,7,7,7.5,0,0,11,,0
0,0,0,1,48,12,,0,2450,51,12,8.571,24500,0.661,7,7,9.5,1,4,25,,16
0,0,1,2,36,12,,0,2062,38,14,8.23,17045,0.721,7,7,9.5,1,2,17,,4
0,0,0,0,57,12,,0,2146,52,14,8.388,18800,0.692,7,7,7.5,1,30,19,,900
0,0,0,0,51,12,,0,1575,49,7,7.365,14000,0.721,10,7,14,1,25,14,,625
0,0,0,4,33,13,,0,3096,37,12,3.441,18214,0.721,7,0,3,0,3,18,,9
0,0,0,0,52,12,,0,3280,49,11,3.354,20177,0.752,7,7,7.5,1,20,20,,400
0,0,0,0,56,10,,0,1680,60,8,2.976,8300,0.781,0,7,7.5,1,20,8,,400
0,0,1,2,36,12,,0,2625,38,11,5.181,14200,0.752,14,9,7.5,1,0,14,,0
0,0,1,0,36,14,,0,1846,50,16,10.293,21768,0.692,12,12,7.5,0,15,22,,225
0,0,0,1,46,12,,0,2178,47,10,13.243,29553,0.581,10,7,14,1,10,30,,100
0,0,0,3,31,10,,0,960,33,9,3.646,4350,0.942,7,7,7.5,0,4,4,,16
0,0,0,0,52,11,,0,2210,51,12,10.407,24000,0.661,7,7,11,1,3,24,,9
0,0,0,2,46,12,,0,2192,55,12,8.212,18300,0.692,7,7,7.5,1,10,18,,100
0,0,2,0,35,12,,0,1960,44,16,8.674,17200,0.721,7,3,7.5,1,9,17,,81
0,0,0,0,59,12,,0,1920,56,10,8.321,16476,0.692,7,7,14,0,7,16,,49
0,0,0,1,36,8,,0,2286,40,12,4.287,13400,0.752,0,0,14,0,12,13,,144
0,0,1,3,51,7,,0,2000,52,7,10.5,44988,0.521,3,3,14,0,0,45,,0
0,0,1,0,31,16,,0,2256,31,12,7.979,18200,0.692,12,12,9,1,16,18,,256
0,0,0,2,31,14,,0,2370,36,17,11.814,28000,0.622,12,12,14,1,4,28,,16
0,0,1,1,32,12,,0,1800,39,13,6.111,11550,0.752,12,12,7.5,1,7,12,,49
0,0,1,2,35,16,,0,2250,38,16,12.578,28450,0.622,12,7,14,1,7,28,,49
0,0,0,3,40,12,,4.1,1080,43,12,11.244,15096,0.752,7,10,7.5,1,14,15,,196
0,0,1,2,33,10,,0,2840,38,12,2.741,8009,0.781,7,7,14,0,2,8,,4
0,0,0,0,54,7,,0,2250,52,11,4.444,10040,0.752,0,0,3,1,20,10,,400
0,0,1,1,36,12,,0,2746,37,12,5.827,16700,0.721,12,12,7.5,1,5,17,,25
0,0,0,1,50,10,,0,2300,60,8,2.348,8400,0.781,12,7,3,0,10,8,,100
0,0,0,0,54,8,,0,2860,49,8,4.476,13000,0.721,0,0,3,0,20,13,,400
0,0,0,1,48,11,,0,1765,49,12,8.499,17970,0.721,7,7,7.5,1,10,18,,100
0,0,0,4,41,15,,0,2520,42,16,7.182,18450,0.721,14,17,5,0,8,18,,64
0,0,0,4,50,12,,0,2208,53,12,10.87,31000,0.661,12,7,14,1,11,31,,121
0,0,0,2,46,12,,0,2119,51,8,7.122,24135,0.721,10,7,7.5,1,3,24,,9
0,0,0,1,42,13,,0,2580,47,17,10.659,31700,0.581,12,12,7.5,0,6,32,,36
0,0,1,2,31,9,,0,1984,34,12,3.276,10190,0.791,3,3,14,0,4,10,,16
0,0,0,0,53,12,,0,1880,58,8,7.752,21574,0.721,10,10,14,0,4,22,,16
0,0,0,1,51,12,,0,2185,57,12,11.945,26680,0.622,3,3,7.5,1,9,27,,81
0,0,0,1,47,12,,0,2080,57,12,4.615,17700,0.752,7,9,11,1,10,18,,100
0,0,0,1,50,12,,0,1920,50,12,13.021,29400,0.622,12,12,14,1,3,29,,9
0,0,0,1,37,6,,0,3000,52,5,2.667,22159,0.752,7,7,7.5,0,2,22,,4
0,0,2,2,30,12,,0,2100,31,12,8.833,35000,0.581,12,12,11,0,2,35,,4
0,0,0,0,49,12,,0,1690,39,12,2.367,8630,0.791,16,16,5,1,0,9,,0
0,0,0,2,52,12,,0,2600,49,16,5,17080,0.752,7,0,14,1,8,17,,64
0,0,0,2,47,12,,0,1984,49,16,7.46,32500,0.721,10,7,14,1,6,33,,36
0,0,0,0,49,12,,0,2064,53,12,7.752,16000,0.721,7,7,11,1,15,16,,225
0,0,0,4,44,12,,0,2553,31,16,5.405,18850,0.752,12,10,14,1,15,19,,225
0,0,0,0,53,8,,0,2776,59,9,6.124,17500,0.692,9,9,9.5,1,9,18,,81
0,0,1,0,30,12,,0,2315,31,13,8.337,19392,0.692,7,12,14,0,8,19,,64
0,0,0,2,54,12,,0,1880,55,12,7.128,14450,0.721,7,10,7.5,1,18,14,,324
0,0,1,1,47,7,,0,2160,51,7,6.12,21800,0.692,0,0,7.5,1,3,22,,9
0,0,0,0,56,15,,0,900,56,12,3.111,7700,0.752,7,7,14,1,10,8,,100
0,0,0,1,49,12,,0,2467,52,16,12.161,31800,0.581,7,7,11,0,6,32,,36
0,0,0,0,48,6,,0,1820,55,12,5.385,17258,0.752,7,7,9.5,1,20,17,,400
0,0,0,1,49,12,,0,2223,53,10,3.984,13399,0.752,10,12,9.5,0,8,13,,64
0,0,0,1,56,12,,0,2142,60,12,7.47,16073,0.721,12,16,11,0,3,16,,9
0,0,0,0,46,12,,0,1928,46,11,11.411,23260,0.661,7,7,7.5,1,4,23,,16
0,0,0,2,45,12,,0,2783,49,17,12.936,37300,0.552,12,12,14,1,13,37,,169
0,0,0,2,32,12,,0,1960,35,12,5.612,11000,0.752,12,7,11,1,4,11,,16
0,0,1,1,43,12,,2.7,1920,41,12,6.81,13075,0.752,7,7,14,1,17,13,,289
0,0,1,1,34,12,,0,1587,39,12,8.507,13700,0.721,7,7,9.5,1,4,14,,16
0,0,1,1,30,12,,0,2496,51,10,5.508,25100,0.661,7,10,5,0,0,25,,0
0,0,2,0,38,17,,4.8,2280,39,12,7.228,18600,0.692,12,16,5,1,15,19,,225
0,0,1,1,33,16,,0,2750,36,17,9.455,29000,0.622,16,16,9.5,0,11,29,,121
0,0,0,0,52,12,,0,2115,55,12,8.983,19237,0.692,7,7,9.5,1,23,19,,529
0,0,0,3,43,11,,0,2590,45,12,5.985,19855,0.721,12,14,7.5,1,1,20,,1
0,0,1,1,33,12,,0,2372,34,12,3.963,9450,0.752,12,7,9.5,0,5,9,,25
0,0,0,0,45,10,,0,2295,48,12,7.057,30000,0.581,7,7,7.5,0,1,30,,1
0,0,2,1,36,10,,0,2096,38,12,7.156,15000,0.721,10,10,14,1,5,15,,25
0,0,1,1,34,12,,0,3315,39,17,4.015,24701,0.661,12,12,9.5,1,3,25,,9
0,0,0,2,37,14,,0,1777,50,16,3.883,15900,0.721,10,14,11,0,3,16,,9
0,0,0,1,46,10,,0,1880,51,12,7.979,16240,0.721,7,7,11,0,19,16,,361
0,0,0,0,47,12,,0,2184,55,10,5.037,21100,0.752,12,12,9.5,1,20,21,,400
0,0,2,1,31,16,,0,3250,32,16,7.077,23000,0.661,12,12,7.5,1,5,23,,25
0,0,0,0,57,5,,0,1520,58,5,3.618,6340,0.771,7,7,14,0,0,6,,0
0,0,1,1,30,12,,0,3119,30,13,13.466,42250,0.491,10,10,5,1,3,42,,9
0,0,0,0,30,12,,0,640,43,17,14.531,14694,0.721,12,10,11,1,3,15,,9
0,0,0,3,44,12,,0,2250,45,12,6.8,21417,0.721,12,12,9.5,1,7,21,,49
0,0,0,0,53,13,,0,3000,53,13,6.667,20200,0.661,7,12,7.5,1,7,20,,49
0,0,0,0,51,8,,0,2028,54,8,5.917,12090,0.721,7,7,9.5,1,1,12,,1
0,0,1,3,39,12,,0,2412,36,14,10.24,24760,0.661,12,7,5,1,13,25,,169
0,0,0,0,52,8,,0,2452,54,12,8.157,23000,0.692,7,3,3,0,0,23,,0
0,0,0,4,46,8,,0,2304,50,12,6.677,19365,0.721,3,3,11,1,0,19,,0
0,0,0,5,47,12,,0,3120,49,12,0.961,5550,0.942,7,7,3,0,12,6,,144
0,0,0,2,52,8,,0,1670,54,8,16.907,68035,0.442,7,3,7.5,1,0,68,,0
0,0,0,2,45,12,,0,2137,46,15,13.57,29300,0.622,10,14,7.5,1,5,29,,25
0,0,0,0,60,11,,0,2071,52,11,8.933,18500,0.692,7,7,7.5,1,45,19,,2025
0,0,0,2,41,13,,0,1960,54,7,4.737,22582,0.721,17,7,11,0,10,23,,100
0,0,0,3,39,8,,0,2068,45,12,8.511,21500,0.721,7,7,7.5,1,2,22,,4
0,0,0,1,49,12,,0,2190,51,12,5.251,28070,0.752,7,7,7.5,0,3,28,,9
0,0,1,1,32,15,,0,2295,37,13,21.786,50300,0.442,12,12,14,1,1,50,,1
0,0,1,3,33,12,,0,2970,34,13,7.912,23500,0.661,12,12,14,1,5,24,,25
0,0,0,4,36,10,,0,2068,37,8,7.108,15500,0.752,7,9,14,0,10,16,,100
0,0,3,3,37,13,,0,2419,39,14,5.043,13440,0.771,7,0,5,0,4,13,,16
0,0,1,2,30,12,,0,2150,34,11,2.244,8100,0.781,12,12,11,0,7,8,,49
0,0,1,1,44,11,,0,1152,37,10,8.507,9800,0.752,7,12,9.5,1,9,10,,81
0,0,0,1,48,12,,0,2640,49,12,7.576,20300,0.692,7,12,5,1,5,20,,25
0,0,0,4,40,11,,0,2550,45,11,5.882,15000,0.752,7,7,14,1,4,15,,16
0,0,0,0,47,13,,0,1360,49,16,40.441,56100,0.442,9,9,5,1,11,56,,121
0,0,0,2,36,12,,0,2420,40,12,6.234,22846,0.721,12,7,5,1,9,23,,81
0,0,0,2,40,11,,0,2205,42,14,9.297,22225,0.692,7,12,5,1,4,22,,16
0,0,0,1,46,12,,0,3268,46,12,0.704,17635,0.942,12,7,7.5,1,2,18,,4
0,0,0,0,52,12,,0,3672,54,12,2.543,18500,0.692,3,12,7.5,0,23,19,,529
0,0,0,1,44,12,,0,1800,45,12,5.083,13390,0.752,12,12,11,0,3,13,,9
0,0,0,1,45,10,,0,1926,46,14,7.684,15150,0.721,7,7,7.5,1,15,15,,225
0,0,2,1,30,7,,0,1920,35,7,4.063,16200,0.781,7,3,7.5,0,8,16,,64
0,0,1,3,40,12,,0,2080,44,12,6.511,33920,0.661,12,12,14,1,3,34,,9
0,0,0,1,43,12,,0,2856,43,12,2.951,14000,0.721,7,12,7.5,0,25,14,,625
0,0,0,2,49,12,,0,2115,53,10,5.674,16736,0.752,12,3,11,1,2,17,,4
0,0,1,4,46,12,,3.45,1880,48,12,12.766,30650,0.661,12,12,11,1,0,31,,0
0,0,0,0,52,11,,0,2000,52,12,6,12400,0.752,7,7,11,0,19,12,,361
0,0,1,1,31,12,,0,2044,33,15,9.295,19022,0.692,7,10,9.5,1,3,19,,9
0,0,1,1,42,10,,0,1677,47,11,5.132,11203,0.752,7,7,5,0,7,11,,49
0,0,0,3,33,11,,0,2184,38,8,9.066,19876,0.692,7,14,7.5,1,1,20,,1
0,0,0,0,57,16,,0,3185,57,13,11.931,57000,0.442,7,12,14,1,9,57,,81
0,0,0,0,49,10,,0,2680,51,10,6.716,18290,0.692,10,10,11,1,3,18,,9
0,0,0,1,45,14,,0,3615,47,14,4.585,20220,0.692,14,12,11,1,8,20,,64
0,0,0,0,56,11,,0,2139,56,12,9.257,22150,0.692,7,7,14,1,0,22,,0
0,0,1,3,41,12,,0,3080,43,12,8.566,30623,0.622,10,10,7.5,1,5,31,,25
0,0,0,0,56,5,,0,1261,53,6,6.741,9380,0.752,3,3,14,1,20,9,,400
0,0,0,1,48,10,,0,2227,48,10,9.879,22000,0.692,7,7,5,1,3,22,,9
0,0,0,2,52,16,,0,1920,53,16,9.375,23675,0.661,12,10,7.5,1,12,24,,144
0,0,0,0,51,12,,0,2350,55,12,6.277,33671,0.721,7,7,14,1,5,34,,25
0,0,0,3,35,11,,0,1785,39,10,6.424,12367,0.752,7,7,7.5,0,1,12,,1
0,0,0,0,45,12,,0,2598,51,12,8.372,21950,0.661,7,7,5,0,0,22,,0
0,0,0,0,54,12,,0,2455,58,17,12.22,32000,0.581,7,7,9.5,1,7,32,,49
0,0,0,2,54,12,,0,2450,54,13,3.561,22610,0.721,10,10,9.5,1,13,23,,169
0,0,1,0,31,12,,0,1218,32,8,8.867,12092,0.752,7,7,3,0,3,12,,9
0,0,0,3,53,6,,0,2040,54,4,1.852,3777,0.942,7,7,11,0,0,4,,0
0,0,2,2,35,14,,0,2600,34,14,8.077,36000,0.552,16,14,3,0,2,36,,4
0,0,1,3,36,12,,0,2450,40,16,8.98,26900,0.661,12,16,7.5,0,0,27,,0
0,0,0,0,59,12,,0,2717,60,12,6.662,32242,0.661,7,7,11,1,2,32,,4
0,0,0,0,54,16,,0,2701,54,17,11.107,35020,0.581,16,17,5,1,1,35,,1
0,0,1,1,37,12,,0,2600,47,17,14.077,37600,0.552,7,7,9,1,10,38,,100
0,0,0,0,44,12,,0,3640,54,10,0.412,1500,0.942,7,7,7.5,1,10,2,,100
0,0,1,2,34,17,,0,2940,40,16,23.81,96000,0.442,12,12,5,1,1,96,,1
0,0,0,0,49,12,,0,1880,50,12,9.575,18150,0.692,7,7,11,0,3,18,,9
0,0,0,0,49,12,,0,3500,51,12,1.929,15500,0.721,7,7,3,0,32,16,,1024
0,0,0,0,60,9,,0,3320,60,8,2.578,14000,0.721,7,7,3,0,0,14,,0
0,0,0,0,51,12,,0,1605,55,12,7.227,14756,0.721,7,7,7.5,1,7,15,,49
0,0,1,1,30,12,,0,2500,30,14,8.8,22000,0.661,12,10,5,1,5,22,,25
0,0,0,2,47,12,,0,2400,49,9,7.75,24466,0.661,7,7,11,1,2,24,,4
0,0,0,4,36,12,,0,1634,45,17,14.688,24400,0.661,12,12,7.5,1,5,24,,25
0,0,1,3,35,12,,0,2260,38,12,10.487,24000,0.661,7,7,9.5,1,3,24,,9
0,0,0,0,58,12,,0,3478,53,12,4.025,15500,0.721,12,9,11,0,25,16,,625
0,0,1,3,41,14,,0,2550,42,16,11.765,30800,0.622,14,12,7.5,0,0,31,,0
0,0,0,1,51,10,,0,840,52,8,9.524,10660,0.752,7,7,14,1,3,11,,9
0,0,0,0,47,12,,0,1520,52,12,6.908,13350,0.721,7,7,11,0,10,13,,100
0,0,1,2,45,9,,0,1920,35,9,5.151,10090,0.752,12,3,11,0,10,10,,100
0,0,0,0,60,14,,0,2703,55,17,20.496,55600,0.442,16,14,14,1,7,56,,49
0,0,1,1,30,16,,2,1896,46,16,13.555,25700,0.661,12,12,9.5,1,5,26,,25
0,0,0,0,55,11,,0,1960,57,13,14.796,29000,0.581,7,3,5,1,15,29,,225
0,0,1,2,32,12,,0,3060,50,8,1.691,7286,0.781,10,7,3,0,1,7,,1
0,0,0,2,36,12,,0,2805,38,12,7.23,37752,0.521,7,7,3,0,5,38,,25
0,0,0,0,55,12,,0,1944,53,7,4.115,13072,0.752,3,3,14,0,9,13,,81
0,0,0,0,47,12,,0,1960,47,12,2.999,7044,0.771,3,3,14,0,18,7,,324
0,0,0,1,47,12,,0,2112,52,8,8.049,18200,0.692,7,7,14,1,1,18,,1
0,0,0,1,37,11,,0,2544,39,12,8.577,27000,0.622,12,7,3,0,0,27,,0
0,0,0,2,50,12,,0,1700,53,17,9.323,30300,0.581,10,12,3,0,6,30,,36
0,0,0,3,30,12,,0,2550,31,12,4.706,12000,0.752,3,7,14,0,1,12,,1
0,0,0,1,48,17,,0,2080,45,17,9.135,31500,0.661,16,17,3,0,2,32,,4
0,0,0,2,43,10,,0,2060,49,12,7.767,27092,0.721,10,10,5,1,15,27,,225
0,0,1,0,48,11,,0,1955,46,8,4.127,20968,0.752,7,7,3,0,25,21,,625
0,0,1,2,41,14,,0,2500,44,17,10,27000,0.661,17,7,14,1,1,27,,1
0,0,0,0,50,12,,0,2750,52,10,4.073,11225,0.752,7,10,7.5,1,0,11,,0
0,0,0,0,58,8,,0,2040,59,5,7.853,37700,0.581,3,3,7.5,0,0,38,,0
0,0,0,5,38,13,,0,3275,43,15,7.817,28200,0.661,12,16,7.5,1,0,28,,0
0,0,0,1,37,12,,0,2400,39,12,9.167,34000,0.661,7,12,5,0,8,34,,64
0,0,0,0,50,16,,0,2024,51,17,29.644,63200,0.442,12,7,9.5,1,22,63,,484
0,0,0,4,42,8,,0,1840,44,6,4.076,7500,0.791,3,3,7.5,1,5,8,,25
0,0,1,3,37,9,,0,2033,37,17,8.362,17410,0.721,10,10,9.5,1,10,17,,100
0,0,0,2,41,16,,0,1946,40,17,12.062,51000,0.442,16,17,9,1,1,51,,1
0,0,0,2,31,12,,0,3660,31,12,2.325,12916,0.752,10,7,3,0,1,13,,1
0,0,0,0,51,12,,0,2088,55,11,10.01,21900,0.661,7,7,5,1,6,22,,36
0,0,1,2,36,12,,0,2048,41,12,5.273,17640,0.752,7,7,5,0,4,18,,16
0,0,0,0,54,15,,0,1920,52,15,10.417,20000,0.692,14,16,14,0,6,20,,36
0,0,0,0,49,12,,0,2000,54,12,7.5,15000,0.721,7,7,14,1,0,15,,0
0,0,1,1,48,9,,0,2204,47,8,6.352,14060,0.721,10,12,5,0,1,14,,1
0,0,0,2,42,9,,0,3157,45,10,3.807,15825,0.721,7,14,9.5,0,3,16,,9
0,0,1,2,41,12,,0,1665,44,14,9.91,16510,0.721,3,16,9.5,1,15,17,,225
0,0,0,0,55,16,,0,2304,56,11,2.67,13000,0.721,12,12,7.5,0,33,13,,1089
0,0,0,0,42,9,,0,2275,46,8,4.396,10000,0.752,7,7,5,1,2,10,,4
0,0,0,1,32,15,,0,2760,33,17,7.971,22000,0.661,12,12,7.5,1,1,22,,1
0,0,0,2,43,12,,0,1750,44,14,15.429,29800,0.581,7,7,7.5,1,10,30,,100
0,0,1,3,33,12,,0,3366,37,13,1.985,15000,0.721,7,7,5,1,0,15,,0
0,0,0,1,48,15,,0,2205,51,16,7.256,22300,0.721,10,14,9.5,1,14,22,,196
0,0,0,2,43,12,,0,1990,48,9,7.035,14550,0.721,3,16,7.5,1,15,15,,225
0,0,1,3,47,17,,0,1930,57,16,8.135,19730,0.692,14,12,7.5,1,15,20,,225
0,0,0,0,54,12,,0,1350,60,12,11.981,35000,0.552,12,12,7.5,1,10,35,,100
0,0,0,1,51,12,,0,3340,52,12,5.992,21014,0.661,7,3,7.5,1,6,21,,36
0,0,0,1,51,10,,0,960,57,10,4.146,10876,0.752,14,7,7.5,0,18,11,,324
0,0,1,1,43,13,,0,2732,42,13,8.51,27850,0.622,12,10,7.5,0,15,28,,225
0,0,0,0,53,12,,0,1624,59,8,2.963,9560,0.752,0,3,3,0,30,10,,900
0,0,1,1,34,11,,0,1804,36,12,8.815,30300,0.622,7,7,7.5,0,15,30,,225
0,0,1,1,31,8,,0,2805,31,10,2.496,7720,0.781,7,7,7.5,0,10,8,,100
0,0,0,0,56,12,,0,2160,59,8,4.884,10550,0.752,10,7,7.5,1,0,11,,0
0,0,0,1,42,16,,0,2052,55,15,10.2,24106,0.661,12,7,9.5,1,0,24,,0
0,0,0,2,32,12,,0,2250,35,16,10,22995,0.661,12,14,9.5,1,4,23,,16
0,0,1,3,35,12,,0,1120,37,12,5.357,6000,0.802,12,12,9.5,1,0,6,,0
0,0,1,1,30,12,,0,2450,36,14,9.796,24350,0.661,14,14,9.5,1,3,24,,9
0,0,0,0,51,10,,0,3432,50,11,1.374,7608,0.771,7,7,7.5,0,20,8,,400
0,0,0,3,47,12,,0,2700,48,12,3.463,28200,0.721,7,7,3,0,3,28,,9
0,0,0,1,54,12,,0,2817,55,13,5.041,16150,0.721,3,7,3,0,1,16,,1
0,0,3,0,31,15,,0,3000,34,17,16.667,51200,0.442,7,10,7.5,1,5,51,,25
0,0,0,0,47,10,,0,2125,45,11,4.329,12646,0.752,7,7,5,1,7,13,,49
0,0,0,3,47,14,,0,1864,42,16,10.193,19000,0.692,7,7,11,1,6,19,,36
0,0,0,3,40,12,,0,2400,39,12,7.583,19000,0.721,7,7,7.5,1,2,19,,4
0,0,0,0,48,8,,0,2160,50,7,4.12,14400,0.752,3,3,7.5,0,0,14,,0
0,0,0,7,34,8,,0,1040,51,7,4.808,7232,0.942,3,7,11,1,10,7,,100
0,0,0,3,38,12,,0,2450,42,16,3.153,21943,0.752,7,10,9.5,1,6,22,,36
0,0,1,3,32,12,,0,2500,34,16,19,47500,0.461,7,10,7.5,1,4,48,,16
0,0,0,1,48,16,,0,2131,45,17,6.054,28900,0.622,12,7,7.5,1,8,29,,64
0,0,0,2,41,12,,0,2165,46,7,3.787,12400,0.771,7,7,7.5,0,18,12,,324
0,0,0,2,49,5,,0,2230,43,3,2.929,6531,0.781,0,0,7.5,0,7,7,,49
0,0,0,0,59,8,,0,1995,55,12,9.297,22422,0.692,3,7,11,1,15,22,,225
0,0,0,0,58,13,,0,2025,57,16,9.383,22200,0.661,7,7,11,1,7,22,,49
0,0,0,3,41,12,,0,2450,48,15,26.531,77000,0.442,7,14,14,1,8,77,,64
0,0,0,2,45,12,,0,2160,45,12,40.509,88000,0.442,10,10,14,1,8,88,,64
0,0,1,1,30,14,,0,1715,32,17,15.16,26040,0.622,12,10,11,0,3,26,,9
0,0,0,1,41,12,,0,3018,42,16,18.964,63500,0.442,7,7,7.5,1,10,64,,100
0,0,2,0,30,12,,0,2216,33,16,5.415,12100,0.752,10,10,7.5,0,9,12,,81
0,0,0,1,53,12,,0,2499,54,12,1.999,17505,0.752,12,7,7.5,1,24,18,,576
0,0,0,0,31,12,,0,2250,37,14,8,18000,0.692,10,7,7.5,0,12,18,,144
0,0,0,2,43,14,,0,2116,44,17,11.153,28069,0.661,12,12,11,1,2,28,,4
0,0,1,1,31,12,,0,2016,30,14,5.952,14000,0.752,12,14,14,1,6,14,,36
0,0,0,0,51,12,,0,2470,60,10,2.119,8117,0.752,10,3,7.5,1,18,8,,324
0,0,0,0,43,9,,0,1640,45,12,3.838,11895,0.771,7,7,5,1,17,12,,289
0,0,1,2,31,14,,0,2016,34,16,17.361,45250,0.491,16,16,5,1,7,45,,49
0,0,0,0,48,11,,0,2185,48,12,8.009,31106,0.692,7,10,9.5,1,6,31,,36
0,0,1,1,31,12,,0,800,33,14,3,4000,0.802,12,7,9.5,1,10,4,,100
0,0,0,1,44,12,,0,3022,46,12,10.589,40500,0.581,7,7,7.5,1,5,41,,25
0,0,0,1,48,11,,0,1512,50,14,10.913,21620,0.721,10,7,7.5,1,7,22,,49
0,0,0,1,53,12,,0,2677,53,12,5.603,23426,0.721,0,0,7.5,1,11,23,,121
0,0,0,3,42,10,,2.75,3150,44,12,7.937,26000,0.661,3,3,11,1,14,26,,196
0,0,2,6,39,12,,0,1430,34,12,2.948,7840,0.942,7,0,9.5,1,5,8,,25
0,0,1,2,32,10,,0,3307,36,4,2.056,6800,0.791,7,3,7.5,0,2,7,,4
0,0,0,2,36,12,,0,3120,39,12,1.301,5330,0.791,7,12,14,0,4,5,,16
0,0,0,2,40,13,,0,3020,43,16,9.271,28200,0.622,10,10,9.5,1,5,28,,25
0,0,2,3,31,12,,0,2056,33,12,4.864,10000,0.771,12,12,7.5,0,14,10,,196
0,0,0,0,43,12,,0,2383,43,12,1.09,9952,0.752,10,3,7.5,0,4,10,,16
0,0,0,0,60,12,,0,1705,55,8,12.44,24984,0.622,12,12,14,1,15,25,,225
0,0,0,3,39,9,,0,3120,48,12,6.09,28363,0.692,7,7,11,1,12,28,,144
